,time,cog_1,sog_1,cog_2,sog_2,x_1,y_1,x_2,y_2
24,0.0,0.006381,1.009233,-3.1375764999999998,1.023798,-132.2486428968405,-16.45612220213767,119.25496848099998,-15.48016675480086
25,0.5676960945129395,0.0063289999999999996,1.009079,-3.137595,1.023397,-131.73771631228945,-16.45612220213767,118.74404189503083,-15.48016675480086
26,1.0001029968261719,0.006277,1.008925,-3.1376385,1.0229974999999998,-131.22678972773843,-16.45612220213767,118.2331153104798,-15.494519040782906
27,1.5671820640563965,0.0062505,1.0087755,-3.137682,1.022598,-130.74779605454458,-16.45612220213767,117.72218872592876,-15.508871326844623
28,2.0001649856567383,0.006224,1.008626,-3.1376935,1.02222,-130.2688023813507,-16.45612220213767,117.21126214137773,-15.508871326844623
29,2.567652940750122,0.006192,1.0084819999999999,-3.137705,1.021842,-129.75787579538158,-16.441769916155625,116.70033555682669,-15.508871326844623
30,2.9999020099639893,0.00616,1.008338,-3.1377145,1.0214765,-129.24694921083054,-16.42741763017358,116.18940897227566,-15.508871326844623
31,3.5675339698791504,0.006170999999999999,1.008197,-3.137724,1.021111,-128.7360226262795,-16.42741763017358,115.67848238630651,-15.508871326844623
32,4.000261068344116,0.006182,1.008056,-3.137722,1.0207575000000002,-128.22509604172845,-16.42741763017358,115.16755580175547,-15.508871326844623
33,4.567434072494507,0.006213,1.0079215000000001,-3.13772,1.020404,-127.71416945717742,-16.42741763017358,114.65662921720444,-15.508871326844623
34,5.0006489753723145,0.006244,1.007787,-3.137685,1.0200595,-127.20324287262639,-16.42741763017358,114.14570263265341,-15.508871326844623
35,5.567219972610474,0.0062775,1.0076559999999999,-3.13765,1.019715,-126.72424919801442,-16.42741763017358,113.63477604810237,-15.508871326844623
36,5.999936103820801,0.006311,1.007525,-3.1376115,1.0193854999999998,-126.24525552482056,-16.42741763017358,113.12384946355134,-15.508871326844623
37,6.567194938659668,0.0063605,1.007399,-3.137573,1.019056,-125.73432894026952,-16.42741763017358,112.61292287758219,-15.508871326844623
38,6.9999120235443115,0.00641,1.007273,-3.13756,1.018736,-125.22340235571849,-16.42741763017358,112.10199629303115,-15.508871326844623
39,7.567316055297852,0.0064085,1.0071525000000001,-3.137547,1.018416,-124.71247577116745,-16.413065344191534,111.59106970848012,-15.508871326844623
40,7.999886989593506,0.006407,1.007032,-3.1375755,1.018107,-124.20154918661642,-16.398713058209488,111.08014312251098,-15.52322361282667
41,8.567384958267212,0.0063820000000000005,1.0069110000000001,-3.137604,1.017798,-123.69062260064727,-16.398713058209488,110.56921653795993,-15.537575898808715
42,8.999804019927979,0.006357,1.00679,-3.137579,1.0174995,-123.17969601609623,-16.398713058209488,110.0582899534089,-15.537575898808715
43,9.567301988601685,0.0063560000000000005,1.0066775,-3.137554,1.017201,-122.6687694315452,-16.398713058209488,109.54736336885787,-15.537575898808715
44,10.00029993057251,0.006355,1.006565,-3.1375565,1.016911,-122.15784284699417,-16.398713058209488,109.03643678430683,-15.537575898808715
45,10.5674569606781,0.006394,1.0064544999999998,-3.137559,1.016621,-121.6788491738003,-16.398713058209488,108.5255101997558,-15.537575898808715
46,11.000661134719849,0.006433,1.006344,-3.1375535,1.0163395,-121.19985550060645,-16.398713058209488,108.01458361520476,-15.537575898808715
47,11.567331075668335,0.0064595,1.006236,-3.137548,1.016058,-120.6889289146373,-16.384360772227442,107.50365702923561,-15.537575898808715
48,12.000557899475098,0.006486,1.006128,-3.1375745,1.0157915,-120.17800233008627,-16.370008486245396,107.02466335745986,-15.537575898808715
49,12.567179918289185,0.006455499999999999,1.006028,-3.137601,1.015525,-119.66707574553523,-16.370008486245396,106.5456696828479,-15.537575898808715
50,12.999984979629517,0.006425,1.005928,-3.1376144999999998,1.015263,-119.1561491609842,-16.370008486245396,106.03474309829686,-15.537575898808715
51,13.567584991455078,0.0063855000000000006,1.005828,-3.137628,1.015001,-118.64522257643316,-16.370008486245396,105.52381651374583,-15.537575898808715
52,13.999943017959595,0.006346,1.005728,-3.1376185,1.0147504999999999,-118.13429599188213,-16.370008486245396,105.01288992919478,-15.537575898808715
53,14.567368030548096,0.0063295,1.005631,-3.137609,1.0145,-117.65530231868826,-16.370008486245396,104.50196334322564,-15.537575898808715
54,14.999933958053589,0.006313,1.005534,-3.1375875,1.0142585,-117.1763086454944,-16.370008486245396,103.99103675867461,-15.55192818479076
55,15.567219018936157,0.0063215,1.0054414999999999,-3.137566,1.014017,-116.66538205952526,-16.370008486245396,103.48011017412357,-15.566280470772806
56,16.000410079956055,0.00633,1.005349,-3.1375595,1.013779,-116.15445547497423,-16.370008486245396,102.96918358957254,-15.566280470772806
57,16.567223072052002,0.0063485,1.0052590000000001,-3.137553,1.013541,-115.64352889042318,-16.35565620026335,102.4582570050215,-15.566280470772806
58,17.000741004943848,0.006367,1.005169,-3.1375345,1.0133130000000001,-115.13260230587215,-16.341303914281305,101.94733041905236,-15.566280470772806
59,17.567227125167847,0.0063844999999999996,1.005082,-3.137516,1.013085,-114.62167571990301,-16.341303914281305,101.43640383450132,-15.566280470772806
60,18.000230073928833,0.006402,1.004995,-3.137519,1.012867,-114.11074913535197,-16.341303914281305,100.92547724995029,-15.566280470772806
61,18.56748390197754,0.006404,1.0049105,-3.137522,1.012649,-113.63175546074001,-16.341303914281305,100.41455066539925,-15.566280470772806
62,18.99994707107544,0.006406,1.004826,-3.1375365000000004,1.0124369999999998,-113.15276178896426,-16.341303914281305,99.90362408084822,-15.566280470772806
63,19.567219972610474,0.0063935,1.0047454999999998,-3.137551,1.012225,-112.64183520441321,-16.341303914281305,99.39269749629717,-15.566280470772806
64,19.999962091445923,0.006381,1.004665,-3.1375665,1.0120185,-112.13090861986218,-16.341303914281305,98.91370382310332,-15.566280470772806
65,20.567268133163452,0.006346,1.0045864999999998,-3.137582,1.011812,-111.61998203531114,-16.326951628219586,98.43471014849135,-15.566280470772806
66,21.000004053115845,0.006311,1.004508,-3.1376030000000004,1.011612,-111.10905545076011,-16.31259934223754,97.92378356394032,-15.566280470772806
67,21.56718611717224,0.0062845,1.0044325,-3.137624,1.011412,-110.63006177756625,-16.31259934223754,97.41285697938928,-15.566280470772806
68,21.999911069869995,0.006258,1.004357,-3.137617,1.0112215,-110.15106810295428,-16.31259934223754,96.90193039483825,-15.580632756754852
69,22.567631006240845,0.0062699999999999995,1.0042845,-3.13761,1.011031,-109.64014151840325,-16.31259934223754,96.3910038102872,-15.59498504281657
70,22.999889135360718,0.006282,1.004212,-3.1376275,1.010847,-109.12921493385221,-16.31259934223754,95.88007722573617,-15.59498504281657
71,23.56730008125305,0.0062935000000000005,1.004139,-3.137645,1.010663,-108.61828834930118,-16.31259934223754,95.36915063976703,-15.59498504281657
72,23.999906063079834,0.006305,1.004066,-3.137652,1.010486,-108.10736176475014,-16.31259934223754,94.858224055216,-15.59498504281657
73,24.567291021347046,0.006273,1.0039984999999998,-3.137659,1.010309,-107.596435178781,-16.31259934223754,94.34729747066496,-15.59498504281657
74,24.9999680519104,0.006241,1.003931,-3.1376645,1.0101334999999998,-107.08550859422996,-16.31259934223754,93.83637088611393,-15.59498504281657
75,25.5674889087677,0.006199,1.003865,-3.13767,1.009958,-106.606514919618,-16.298247056175825,93.32544430156288,-15.59498504281657
76,25.999924898147583,0.006157,1.003799,-3.1376685,1.0097895000000001,-106.12752124784224,-16.28389477019378,92.84645062836903,-15.59498504281657
77,26.567363023757935,0.00614,1.0037365,-3.137667,1.009621,-105.61659466329121,-16.28389477019378,92.36745695375706,-15.59498504281657
78,26.99991512298584,0.006123,1.003674,-3.1376685,1.0094595000000002,-105.10566807874017,-16.28389477019378,91.85653036920603,-15.59498504281657
79,27.567402124404907,0.0061200000000000004,1.0036114999999999,-3.13767,1.009298,-104.59474149418914,-16.28389477019378,91.34560378465498,-15.59498504281657
80,28.00055694580078,0.006117,1.003549,-3.137663,1.0091425,-104.08381490821999,-16.28389477019378,90.83467720010395,-15.59498504281657
81,28.567222118377686,0.0061195,1.0034895000000001,-3.137656,1.008987,-103.60482123502614,-16.28389477019378,90.32375061555291,-15.59498504281657
82,29.00011897087097,0.006122,1.00343,-3.137645,1.008836,-103.12582756183227,-16.28389477019378,89.81282402958377,-15.59498504281657
83,29.567158937454224,0.0061635,1.0033725,-3.137634,1.008685,-102.61490097728124,-16.269542484211733,89.30189744503274,-15.59498504281657
84,30.000612020492554,0.006205,1.003315,-3.1376429999999997,1.0085380000000002,-102.1039743927302,-16.255190198229688,88.79097086048169,-15.609337328798615
85,30.567222118377686,0.0062465,1.003257,-3.137652,1.008391,-101.59304780817916,-16.255190198229688,88.28004427593066,-15.62368961478066
86,30.999905109405518,0.006288,1.003199,-3.137618,1.008251,-101.08212122362812,-16.255190198229688,87.80105060273681,-15.62368961478066
87,31.567238092422485,0.0062895,1.003148,-3.137584,1.008111,-100.57119463765899,-16.255190198229688,87.32205692954294,-15.62368961478066
88,31.999902963638306,0.006291,1.003097,-3.137576,1.0079755000000001,-100.06026805310795,-16.255190198229688,86.81113034357381,-15.62368961478066
89,32.567349910736084,0.0063095,1.003044,-3.137568,1.00784,-99.58127437991409,-16.255190198229688,86.30020375902276,-15.62368961478066
90,33.00021004676819,0.006328,1.002991,-3.13758,1.0077095,-99.10228070672022,-16.255190198229688,85.78927717447174,-15.62368961478066
91,33.56738996505737,0.006321,1.002942,-3.137592,1.007579,-98.5913541221692,-16.255190198229688,85.27835058992069,-15.62368961478066
92,34.000032901763916,0.006314,1.002893,-3.1375805000000003,1.0074494999999999,-98.08042753761815,-16.255190198229688,84.76742400536966,-15.62368961478066
93,34.56751203536987,0.0062985,1.002844,-3.137569,1.00732,-97.56950095164902,-16.240837912247642,84.25649742081862,-15.62368961478066
94,34.999759912490845,0.006283,1.002795,-3.1375770000000003,1.0071965,-97.05857436709798,-16.226485626345266,83.77750374762476,-15.62368961478066
95,35.567259073257446,0.0063055,1.0027475,-3.137585,1.007073,-96.57958069390412,-16.226485626345266,83.29851007443091,-15.62368961478066
96,36.000231981277466,0.006328,1.0027,-3.1375605,1.006957,-96.10058702071026,-16.226485626345266,82.78758348846176,-15.62368961478066
97,36.567198038101196,0.0062975,1.0026555,-3.137536,1.006841,-95.58966043615922,-16.226485626345266,82.27665690391072,-15.62368961478066
98,37.0004141330719,0.006267,1.002611,-3.1375444999999997,1.006722,-95.07873385160819,-16.226485626345266,81.76573031935969,-15.638041900762707
99,37.56724309921265,0.006247,1.0025665,-3.137553,1.006603,-94.56780726705715,-16.226485626345266,81.25480373480865,-15.652394186744752
100,37.99994707107544,0.006227,1.002522,-3.1375405,1.0064935,-94.05688068250612,-16.226485626345266,80.74387715025762,-15.652394186744752
101,38.567487955093384,0.0062235,1.0024804999999999,-3.137528,1.006384,-93.57788700931225,-16.21213334036322,80.23295056428847,-15.652394186744752
102,38.99995708465576,0.00622,1.002439,-3.137538,1.0062765,-93.09889333470029,-16.197781054381174,79.72202397973743,-15.652394186744752
103,39.56744694709778,0.006235,1.0023970000000002,-3.137548,1.006169,-92.58796675014925,-16.197781054381174,79.2110973951864,-15.652394186744752
104,40.000396966934204,0.00625,1.002355,-3.137593,1.0060660000000001,-92.07704016559822,-16.197781054381174,78.73210372199254,-15.652394186744752
105,40.56766891479492,0.0062635,1.0023165,-3.137638,1.005963,-91.56611358104718,-16.197781054381174,78.25311004879867,-15.652394186744752
106,40.99991297721863,0.006277,1.002278,-3.1376489999999997,1.0058635,-91.05518699649615,-16.197781054381174,77.74218346424765,-15.652394186744752
107,41.56721496582031,0.006288,1.0022405,-3.13766,1.005764,-90.544260410527,-16.197781054381174,77.2312568796966,-15.652394186744752
108,42.000219106674194,0.006299,1.002203,-3.1376415,1.0056655,-90.03333382597596,-16.197781054381174,76.72033029514557,-15.652394186744752
109,42.56746292114258,0.0063195000000000005,1.0021635,-3.137623,1.005567,-89.5543401527821,-16.197781054381174,76.20940370917643,-15.652394186744752
110,43.00022792816162,0.00634,1.002124,-3.1376220000000004,1.005474,-89.07534647958825,-16.197781054381174,75.6984771246254,-15.652394186744752
111,43.56712007522583,0.0063295,1.0020894999999999,-3.137621,1.005381,-88.5644198950372,-16.18342876831946,75.18755054007435,-15.652394186744752
112,43.99990892410278,0.006319,1.002055,-3.1376145,1.00529,-88.05349331048618,-16.169076482337413,74.7085568668805,-15.666746472726798
113,44.56769108772278,0.006319,1.002021,-3.137608,1.005199,-87.54256672451703,-16.169076482337413,74.22956319368664,-15.681098758708844
114,45.00005102157593,0.006319,1.001987,-3.137611,1.005113,-87.031640139966,-16.169076482337413,73.7186366091356,-15.681098758708844
115,45.567371129989624,0.006326,1.001952,-3.137614,1.005027,-86.55264646677213,-16.169076482337413,73.20771002316646,-15.681098758708844
116,46.000288009643555,0.006333,1.001917,-3.1376090000000003,1.0049424999999998,-86.07365279357828,-16.169076482337413,72.69678343861543,-15.681098758708844
117,46.567163944244385,0.0063315,1.0018859999999998,-3.137604,1.004858,-85.56272620902723,-16.169076482337413,72.18585685406438,-15.681098758708844
118,47.0002019405365,0.00633,1.001855,-3.1376235,1.0047765,-85.0517996244762,-16.169076482337413,71.70686318087053,-15.681098758708844
119,47.56717491149902,0.0063265,1.001823,-3.137643,1.004695,-84.54087303992517,-16.154724196355367,71.22786950767667,-15.681098758708844
120,48.00004696846008,0.006323,1.001791,-3.1376385,1.0046145,-84.02994645537413,-16.14037191037332,70.71694292312563,-15.681098758708844
121,48.5674569606781,0.006319999999999999,1.001762,-3.137634,1.004534,-83.55095278076216,-16.14037191037332,70.20601633715648,-15.681098758708844
122,49.00057911872864,0.006317,1.001733,-3.1376255,1.0044605,-83.0719591075683,-16.14037191037332,69.69508975260545,-15.681098758708844
123,49.56737399101257,0.0063325,1.0017035,-3.137617,1.004387,-82.56103252301727,-16.14037191037332,69.18416316805441,-15.681098758708844
124,49.99992108345032,0.006348,1.001674,-3.1376215,1.004314,-82.05010593846623,-16.14037191037332,68.67323658350338,-15.681098758708844
125,50.56743311882019,0.006359,1.0016465,-3.137626,1.004241,-81.5391793539152,-16.14037191037332,68.16230999895234,-15.681098758708844
126,51.00056505203247,0.00637,1.001619,-3.1376495,1.0041685,-81.02825276936416,-16.14037191037332,67.68331632575848,-15.69545104469089
127,51.56742000579834,0.006392,1.0015895000000001,-3.137673,1.004096,-80.5492590961703,-16.14037191037332,67.20432265256463,-15.709803330672935
128,52.0006160736084,0.006414,1.00156,-3.137654,1.004026,-80.07026542297645,-16.14037191037332,66.69339606801358,-15.709803330672935
129,52.567315101623535,0.006409,1.0015365,-3.137635,1.003956,-79.5593388384254,-16.126019624391276,66.18246948204445,-15.709803330672935
130,53.000463008880615,0.006404,1.001513,-3.1376109999999997,1.0038905,-79.04841225245626,-16.11166733840923,65.67154289749341,-15.709803330672935
131,53.56726312637329,0.0063885,1.0014865,-3.137587,1.003825,-78.53748566790523,-16.11166733840923,65.16061631294238,-15.709803330672935
132,54.00005006790161,0.006373,1.00146,-3.137568,1.00376,-78.02655908335419,-16.11166733840923,64.64968972697324,-15.709803330672935
133,54.56733703613281,0.006378,1.001436,-3.137549,1.003695,-77.54756541016033,-16.11166733840923,64.13876314242219,-15.709803330672935
134,55.000077962875366,0.006383,1.001412,-3.1375634999999997,1.003632,-77.06857173696648,-16.11166733840923,63.65976946922834,-15.709803330672935
135,55.56727695465088,0.0063605,1.001388,-3.137578,1.003569,-76.55764515099733,-16.11166733840923,63.180775796034474,-15.709803330672935
136,55.99995303153992,0.006338,1.001364,-3.1376074999999997,1.00351,-76.04671856644629,-16.11166733840923,62.66984921148344,-15.709803330672935
137,56.57456707954407,0.0063435,1.00134,-3.137637,1.003451,-75.53579198189526,-16.097315052427184,62.1589226269324,-15.709803330672935
138,57.0004141330719,0.006349,1.001316,-3.1376489999999997,1.0033925,-75.02486539734421,-16.08296276644514,61.647996042381365,-15.709803330672935
139,57.56760501861572,0.006323499999999999,1.001295,-3.137661,1.003334,-74.51393881279319,-16.08296276644514,61.13706945783033,-15.709803330672935
140,58.00042390823364,0.006298,1.001274,-3.1376555,1.0032774999999998,-74.00301222824214,-16.08296276644514,60.658075783218365,-15.724155616654981
141,58.56718301773071,0.006285499999999999,1.0012525,-3.13765,1.003221,-73.52401855363019,-16.08296276644514,60.17908211002451,-15.738507902637027
142,58.99994206428528,0.006273,1.001231,-3.1376419999999996,1.003169,-73.04502488043632,-16.08296276644514,59.66815552547347,-15.738507902637027
143,59.56718397140503,0.0062975,1.001212,-3.137634,1.003117,-72.53409829588529,-16.08296276644514,59.15722894092244,-15.738507902637027
144,60.00010108947754,0.006322,1.001193,-3.1376165,1.0030625,-72.02317171133426,-16.08296276644514,58.6463023563714,-15.738507902637027
145,60.5677011013031,0.006319,1.001172,-3.137599,1.003008,-71.51224512678321,-16.08296276644514,58.135375771820364,-15.738507902637027
146,60.999913930892944,0.006316,1.001151,-3.137597,1.0029575,-71.00131854223218,-16.08296276644514,57.6563820986265,-15.738507902637027
147,61.56748294830322,0.0063135,1.0011315,-3.137595,1.002907,-70.52232486903831,-16.068610480463093,57.17738842543264,-15.738507902637027
148,62.000025033950806,0.006311,1.001112,-3.1376075,1.002859,-70.04333119584446,-16.054258194481047,56.6664618408816,-15.738507902637027
149,62.56738209724426,0.0062889999999999995,1.0010925,-3.13762,1.002811,-69.53240460987531,-16.054258194481047,56.155535254912465,-15.738507902637027
150,62.99990200996399,0.006267,1.001073,-3.131162,0.9968739999999999,-69.02147802532428,-16.054258194481047,55.6765415817186,-15.738507902637027
151,63.56716299057007,0.013978,0.9928165,-3.124704,0.990937,-68.5744172634876,-16.054258194481047,55.19754790852475,-15.738507902637027
152,63.99993705749512,0.021689,0.98456,-3.106565,0.9796244999999999,-68.12735650165091,-16.054258194481047,54.718554235330885,-15.752860188619072
153,64.56725311279297,0.040162500000000004,0.9753244999999999,-3.088426,0.968312,-67.64836282845705,-16.039905908499,54.23956056213702,-15.76721247468079
154,64.99991011619568,0.058636,0.966089,-3.067936,0.9685655,-67.1693691552632,-16.025553622357613,53.76056688894317,-15.810269332626927
155,65.56720089912415,0.0792125,0.9666425,-3.047446,0.968819,-66.69037548206933,-15.982496764491147,53.281573215749304,-15.853326190573064
156,65.99989891052246,0.099789,0.967196,-3.026426,0.9694419999999999,-66.21138180887547,-15.93943990654501,52.80257954255545,-15.910735334580918
157,66.56715297698975,0.12083550000000001,0.9682554999999999,-3.005406,0.970065,-65.70045522432444,-15.882030762616827,52.32358586936159,-15.968144478509101
158,67.00008797645569,0.141882,0.969315,-2.9852749999999997,0.9816705,-65.1895286397734,-15.824621618608973,51.844592196167724,-16.039905908499
159,67.56757092475891,0.16176400000000002,0.9811300000000001,-2.965144,0.993276,-64.71053496657954,-15.738507902637027,51.36559852297387,-16.11166733840923
160,67.99999594688416,0.181646,0.992945,-2.9495579999999997,0.997487,-64.23154129338569,-15.652394186744752,50.854671937004724,-16.21213334028355
161,68.5673520565033,0.1967895,0.9968345,-2.933972,1.001698,-63.75254762019183,-15.566280470772806,50.34374535245369,-16.31259934223754
162,68.9999589920044,0.211933,1.000724,-2.9233089999999997,1.0031365,-63.273553946997964,-15.48016675480086,49.864751679259825,-16.41306534411186
163,69.56738495826721,0.2222575,1.0020435,-2.912646,1.004575,-62.7945602738041,-15.365348466944495,49.38575800606597,-16.513531346065854
164,69.99995613098145,0.232582,1.003363,-2.9057275000000002,1.005045,-62.31556659919214,-15.250530179008457,48.90676433287211,-16.628349634081562
165,70.56726813316345,0.2393,1.0038595,-2.898809,1.005515,-61.8046400146411,-15.13571189107242,48.42777065967825,-16.74316792193793
166,71.00058102607727,0.246018,1.004356,-2.894445,1.0056395,-61.293713430090065,-15.020893603216054,47.94877698648439,-16.87233849585601
167,71.56748104095459,0.250222,1.0044685,-2.890081,1.005764,-60.8147197568962,-14.8917230292183,47.46978331329053,-17.001509069774094
168,71.99995708465576,0.254426,1.004581,-2.8873445,1.0057335,-60.33572608370235,-14.762552455379888,46.95885672873949,-17.13067964377185
169,72.56728601455688,0.2570365,1.00458,-2.884608,1.005703,-59.856732410508485,-14.633381881461805,46.44793014418846,-17.25985021761026
170,73.00035309791565,0.259647,1.004579,-2.8829935,1.0055795,-59.37773873731463,-14.504211307543724,45.9689364709946,-17.389020791528342
171,73.5671660900116,0.2656625,0.9920395000000001,-2.881379,1.005456,-58.93067797547794,-14.389393019607686,45.48994279780074,-17.518191365366754
172,74.00001811981201,0.271678,0.9795,-2.881162,1.0054409999999998,-58.48361721364126,-14.27457473175132,45.01094912460688,-17.64736193928484
173,74.56717205047607,0.28956899999999997,0.975412,-2.880945,1.005426,-58.004623539029296,-14.13105187177152,44.53195544999491,-17.77653251320292
174,74.99989795684814,0.30746,0.971324,-2.8812290000000003,1.005339,-57.52562986725354,-13.987529011951063,44.052961776801055,-17.905703087200674
175,75.56718492507935,0.32787350000000004,0.97133,-2.881513,1.005252,-57.07856910541686,-13.829653866068888,43.57396810360719,-18.034873661039086
176,75.99993300437927,0.348287,0.971336,-2.8818425000000003,1.0051655,-56.63150834358017,-13.671778720186714,43.063041519056156,-18.164044234957167
177,76.56749606132507,0.369279,0.9718964999999999,-2.882172,1.005079,-56.18444758174349,-13.499551288322493,42.55211493450512,-18.29321480879558
178,77.00039005279541,0.390271,0.972457,-2.8824435,1.0049915,-55.73738681990681,-13.327323856458273,42.073121261311265,-18.422385382713664
179,77.56720805168152,0.410564,0.983556,-2.882715,1.004904,-55.29032605665202,-13.126391852629961,41.5941275881174,-18.551555956631745
180,78.00982999801636,0.430857,0.994655,-2.882887,1.0137615,-54.84326529623344,-12.925459848721978,41.11513391634165,-18.6807265306295
181,78.56716012954712,0.4468705,0.998068,-2.883059,1.022619,-54.364271623039585,-12.71017555883195,40.636140241729684,-18.80989710446791
182,78.99988603591919,0.462884,1.001481,-2.8934765000000002,0.9967535,-53.88527794984572,-12.494891269021592,40.189079479893,-18.924715392324277
183,79.56747794151306,0.47428800000000004,1.0040415,-2.903894,0.970888,-53.43821718800904,-12.265254693149519,39.742018718056315,-19.039533680260316
184,79.99989700317383,0.485692,1.006602,-2.922946,0.9702445,-52.99115642759046,-12.035618117277444,39.26302504486246,-19.139999682134636
185,80.56720495223999,0.492791,1.007036,-2.941998,0.969601,-52.576028577110954,-11.805981541564712,38.7840313716686,-19.2404656841683
186,80.99991297721863,0.49989,1.00747,-2.962687,0.970334,-52.160900726631446,-11.576344965692638,38.305037698474734,-19.326579400140243
187,81.56723690032959,0.504262,1.0075725000000002,-2.983376,0.971067,-51.713839964794765,-11.332356103838517,37.82604402528088,-19.412693116032518
188,81.99990701675415,0.508634,1.007675,-3.004432,0.9716485,-51.266779202958084,-11.088367242064068,37.347050353505125,-19.48445454602242
189,82.56725096702576,0.5096735,0.8561625,-3.025488,0.97223,-50.851651353896685,-10.84437838028962,36.86805667889316,-19.55621597593265
190,82.99999213218689,0.510713,0.70465,-3.0457660000000004,0.983365,-50.43652350341718,-10.600389518435499,36.3890630056993,-19.599272833878786
191,83.5672779083252,0.4952965,0.8422895,-3.066044,0.9945,-50.02139565293767,-10.370752942563424,35.910069331087335,-19.642329691824923
192,83.99969506263733,0.47988,0.979929,-3.0819,0.9988245,-49.60626780245816,-10.141116366771021,35.3991427465363,-19.671034263789014
193,84.56750297546387,0.460075,0.982638,-3.097756,1.003149,-49.15920704062148,-9.925832076960663,34.88821616198526,-19.699738835753106
194,84.99994111061096,0.44027,0.985347,-3.1087365,1.004586,-48.71214627878479,-9.710547787070636,34.4092224887914,-19.71409112173515
195,85.56720089912415,0.4194745,0.9856575,-3.119717,1.006023,-48.26508551694811,-9.509615783242324,33.930228815597545,-19.728443407717197
196,85.99992299079895,0.398679,0.985968,-3.1269470000000004,1.0065205,-47.81802475511143,-9.308683779334341,33.41930223104651,-19.742795693778913
197,86.56719207763672,0.377689,0.990618,-3.134177,1.007018,-47.33903108191757,-9.122104061408404,32.90837564649547,-19.75714797976096
198,86.99992394447327,0.356699,0.995268,0.002779499999999935,1.0071425,-46.86003740872371,-8.93552434364181,32.397449061944435,-19.75714797976096
199,87.5674741268158,0.33801000000000003,1.002996,3.139736,1.007267,-46.38104373411174,-8.777649197759635,31.88652247597529,-19.75714797976096
200,87.99990797042847,0.319321,1.010724,3.1367960000000004,1.0072385,-45.90205006233599,-8.61977405187746,31.375595891424254,-19.75714797976096
201,88.56715893745422,0.30562750000000005,1.013175,3.133856,1.00721,-45.42305638914213,-8.461898905915614,30.864669306873218,-19.75714797976096
202,88.99995303153992,0.291934,1.015626,3.1320605,1.007121,-44.94406271594827,-8.30402376003344,30.38567563367936,-19.742795693778913
203,89.56746196746826,0.282712,1.0163734999999998,3.130265,1.007032,-44.465069042754415,-8.160500900212982,29.9066819604855,-19.728443407717197
204,90.00010704994202,0.27349,1.017121,3.12914,1.0069314999999999,-43.98607536956055,-8.016978040312853,29.395755375934463,-19.728443407717197
205,90.56743693351746,0.26756,1.0172284999999999,3.128015,1.006831,-43.50708169636669,-7.887807466474442,28.88482878996532,-19.728443407717197
206,91.00009799003601,0.26163,1.017336,3.127352,1.0067175000000002,-43.028088023172835,-7.758636892476688,28.373902205414286,-19.71409112173515
207,91.56751894950867,0.25793849999999996,1.017185,3.126689,1.006604,-42.51716143720369,-7.629466318558605,27.86297562086325,-19.699738835753106
208,92.00013995170593,0.254247,1.017034,3.126247,1.0064955,-42.00623485265265,-7.500295744640522,27.352049036312213,-19.699738835753106
209,92.56741404533386,0.251923,1.0167925,3.125805,1.006387,-41.52724117804069,-7.37112517080211,26.841122451761176,-19.699738835753106
210,93.00056409835815,0.249599,1.016551,3.1255430000000004,1.0062799999999998,-41.048247506264936,-7.241954596804356,26.36212877714921,-19.68538654977106
211,93.56723093986511,0.246491,1.016049,3.125281,1.006173,-40.5373209217139,-7.1271363088683195,25.88313510395535,-19.671034263868684
212,94.0005259513855,0.243383,1.015547,3.1250999999999998,1.006072,-40.02639433716286,-7.012318020932282,25.372208519404314,-19.671034263868684
213,94.56718611717224,0.24013400000000001,1.0154225000000001,3.124919,1.005971,-39.547400663969,-6.8831474470938705,24.861281934853277,-19.671034263868684
214,94.99991106987,0.236885,1.015298,3.1248345,1.0058699999999998,-39.068406990775145,-6.753976873096116,24.35035535030224,-19.65668197780697
215,95.56725597381592,0.23434850000000002,1.0151305000000002,3.12475,1.005769,-38.58941331758128,-6.63915858523975,23.839428765751205,-19.642329691824923
216,96.00048208236694,0.231812,1.014963,3.124689,1.005671,-38.11041964438743,-6.524340297383384,23.328502179782063,-19.642329691824923
217,96.56779313087463,0.23009849999999998,1.0147385,3.124628,1.005573,-37.59949305841828,-6.4095220093676755,22.817575595231027,-19.642329691824923
218,97.00043201446533,0.228385,1.014514,3.124568,1.0054805,-37.088566473867246,-6.2947037215113095,22.338581922037168,-19.627977405842877
219,97.56753301620483,0.22725050000000002,1.0142894999999998,3.124508,1.005388,-36.609572800673384,-6.179885433575272,21.85958824884331,-19.61362511986083
220,98.0003490447998,0.226116,1.014065,3.1244445,1.0052975,-36.13057912747953,-6.065067145718906,21.348661664292273,-19.599272833878786
221,98.56738710403442,0.225402,1.0138285,3.124381,1.005207,-35.61965254292849,-5.95024885786254,20.837735079741236,-19.58492054789674
222,98.9999771118164,0.224688,1.013592,3.124338,1.0051165,-35.108725958377455,-5.8354305698468325,20.32680849377209,-19.58492054789674
223,99.56741499900818,0.2242535,1.0133675,3.124295,1.005026,-34.62973228518359,-5.720612281990467,19.81588190922106,-19.58492054789674
224,100.00060606002808,0.223819,1.013143,3.1243,1.0049424999999998,-34.15073861198974,-5.605793994054429,19.304955324670022,-19.570568261914694
225,100.56754398345947,0.223549,1.0129229999999998,3.124305,1.004859,-33.6398120274387,-5.490975706118392,18.794028740118986,-19.55621597593265
226,101.00051403045654,0.223279,1.012703,3.1242985,1.0047774999999999,-33.128885441469556,-5.376157418182355,18.315035066925123,-19.55621597593265
227,101.5674180984497,0.223107,1.012492,3.124292,1.004696,-32.649891768275694,-5.275691416308034,17.836041393731264,-19.55621597593265
228,101.99990391731262,0.222935,1.012281,3.124317,1.0046175000000002,-32.17089809508184,-5.175225414354043,17.325114809180228,-19.541863689950603
229,102.56738305091858,0.22283999999999998,1.012073,3.124342,1.004539,-31.659971510530802,-5.060407126338334,16.81418822462919,-19.527511403968557
230,102.99997591972351,0.222745,1.011865,3.1245909999999997,0.987353,-31.149044925979766,-4.945588838481968,16.30326163866005,-19.51315911798651
231,103.56748604774475,0.2303945,1.0040875,3.12484,0.970167,-30.70198416414308,-4.830770550545932,15.792335054109014,-19.498806831924792
232,104.00016903877258,0.238044,0.99631,-0.0030929999999997904,0.9672755,-30.2549234023064,-4.715952262689565,15.34527429227233,-19.498806831924792
233,104.56744503974915,0.2564535,0.9871485,-3.131026,0.964384,-29.775929729112537,-4.6011339747535285,14.898213530435648,-19.498806831924792
234,105.00028991699219,0.274863,0.977987,-3.1114319999999998,0.9680015,-29.296936055918678,-4.486315686817491,14.419219857241789,-19.51315911798651
235,105.5676760673523,0.295374,0.9783005,-3.091838,0.971619,-28.849875294081997,-4.342792826837691,13.940226184047928,-19.527511403968557
236,105.99995398521423,0.315885,0.978614,-3.0710355,0.97226,-28.402814532245312,-4.1992699670172335,13.46123251085407,-19.570568261914694
237,106.56747007369995,0.337608,0.9852985,-3.050233,0.972901,-27.923820859051453,-4.027042535153013,12.982238837660208,-19.61362511986083
238,107.00132298469543,0.359331,0.991983,-3.02922,0.979093,-27.444827185857594,-3.8548151032887934,12.471312253109174,-19.65668197780697
239,107.56718802452087,0.376784,0.9987059999999999,-3.008207,0.985285,-26.99776642402091,-3.682587671424573,11.960385668558137,-19.699738835753106
240,108.00010204315186,0.394237,1.005429,-2.989779,0.9930445,-26.550705662184228,-3.510360239560353,11.481391995364277,-19.78585255172505
241,108.56729412078857,0.407441,1.007763,-2.971351,1.000804,-26.071711988990366,-3.309428235732041,11.002398322170418,-19.871966267696997
242,109.00027108192444,0.420645,1.010097,-2.9580325,1.021556,-25.592718315796507,-3.1084962318240583,10.523404648976557,-19.958079983589272
243,109.56755900382996,0.429521,1.010876,-2.944714,1.042308,-25.145657553959825,-2.8932119419340294,10.044410975782698,-20.044193699561216
244,109.99993801116943,0.438397,1.011655,-2.9493795,1.0090430000000001,-24.69859679212314,-2.6779276521236723,9.597350213946015,-20.130307415533164
245,110.5674500465393,0.444108,1.0118239999999998,-2.954045,0.975778,-24.21960311892928,-2.4626433622336434,9.150289452109332,-20.216421131425438
246,111.00064301490784,0.449819,1.011993,-2.971866,0.9745935,-23.740609445735423,-2.247359072343615,8.671295778915471,-20.302534847397382
247,111.56723999977112,0.45339850000000004,1.0119319999999998,-2.989687,0.973409,-23.293548683898738,-2.032074782612929,8.192302105721613,-20.388648563289657
248,111.99989104270935,0.456978,1.011871,-3.0100795,0.974165,-22.846487922062057,-1.8167904928025713,7.6813755197524705,-20.44605770721784
249,112.56751012802124,0.45919750000000004,1.011726,-3.030472,0.974921,-22.399427160225372,-1.587153917010168,7.170448935201434,-20.503466851146023
250,113.00006413459778,0.461417,1.011581,-3.0508125,0.9851435,-21.952366399806795,-1.3575173411380936,6.691455262007574,-20.560875995153875
251,113.56721711158752,0.4585515,0.9930000000000001,-3.071153,0.995366,-21.537238549327288,-1.156585337230111,6.2124615888137145,-20.61828513916173
252,113.99996495246887,0.455686,0.974419,-3.0874635,1.000068,-21.12211069884778,-0.9556533334017991,5.701535004262679,-20.632637425143777
253,114.56756591796875,0.4386095,0.977026,-3.103774,1.00477,-20.6750499370111,-0.7403690435117705,5.190608419711642,-20.646989711125823
254,115.00071001052856,0.421533,0.979633,-3.1151975,1.0063865,-20.227989175174415,-0.525084753701413,4.711614746517783,-20.66134199710787
255,115.56751012802124,0.40134349999999996,0.9794085,-3.126621,1.008003,-19.780928413337733,-0.33850503585514713,4.232621073323923,-20.675694283089914
256,116.00034499168396,0.381154,0.979184,0.007403499999999674,1.0084905,-19.33386765150105,-0.1519253180088812,3.721694488772887,-20.69004656907196
257,116.56739091873169,0.3602455,0.979579,3.141428,1.008978,-18.886806889664367,0.020302113935010187,3.2107679028037444,-20.704398855054006
258,116.99997305870056,0.339337,0.979974,3.136538,1.009099,-18.439746127827682,0.19252954579923037,2.6998413182527083,-20.69004656907196
259,117.56729006767273,0.31826750000000004,0.980369,3.131648,1.00922,-17.960752454633823,0.3504046916017336,2.1889147337016723,-20.675694283089914
260,117.99990105628967,0.297198,0.980764,3.1285415,1.0091605000000001,-17.481758781439964,0.5082798375635792,1.6779881491506359,-20.675694283089914
261,118.56744003295898,0.276095,0.9811425,3.125435,1.009101,-17.002765108246102,0.637450411401991,1.1670615645995999,-20.675694283089914
262,119.0003399848938,0.254992,0.981521,3.1234815,1.0089869999999999,-16.523771435052243,0.7666209853200739,0.688067889987634,-20.66134199710787
263,119.56752610206604,0.23388399999999998,0.9818845,3.121528,1.008873,-16.044777761858384,0.8814392732561112,0.2090742167937743,-20.646989711125823
264,120.00022912025452,0.212776,0.982248,3.1203339999999997,1.008737,-15.565784088664525,0.9962575611921483,-0.3018523677572619,-20.646989711125823
265,120.56722211837769,0.19167,0.9825969999999999,3.11914,1.008601,-15.086790415470665,1.0967235630664685,-0.812778952308298,-20.646989711125823
266,120.99977803230286,0.170564,0.982946,3.1183949999999996,1.0084680000000001,-14.607796742276806,1.19718956502046,-1.3237055368593342,-20.632637425143777
267,121.56721997261047,0.149461,0.9832810000000001,3.11765,1.008335,-14.128803069082945,1.26895099501036,-1.8346321214103702,-20.61828513916173
268,122.00001502037048,0.128358,0.983616,3.1172,1.008195,-13.649809395889086,1.3407124249205886,-2.3455587073795128,-20.603932853179685
269,122.56722593307495,0.1072585,0.983938,3.11675,1.008055,-13.17081572127712,1.398121568928443,-2.856485291930549,-20.58958056719764
270,122.99996900558472,0.086159,0.98426,3.1164415,1.0079224999999998,-12.691822049501367,1.455530712936297,-3.367411876481585,-20.57522828113592
271,123.56752896308899,0.065063,0.9845685,3.116133,1.00779,-12.180895463532224,1.4842352849003886,-3.8783384610326213,-20.560875995153875
272,123.99990797042847,0.043967,0.984877,3.115923,1.0076585,-11.669968878981187,1.512939856784809,-4.357332134226481,-20.54652370917183
273,124.56723594665527,0.023074,0.9921215,3.115713,1.007527,-11.190975205787328,1.5272921428465258,-4.836325807420341,-20.532171423110114
274,124.99991607666016,0.002181,0.999366,3.115586,1.0074,-10.71198153259347,1.5416444288285716,-5.347252391971376,-20.51781913712807
275,125.56736993789673,-0.0154945,1.005302,3.115459,1.007273,-10.201054948042433,1.5272921428465258,-5.858178977940519,-20.503466851146023
276,125.99995994567871,-0.03317,1.011238,3.1153725000000003,1.0071515,-9.690128363491397,1.512939856784809,-6.369105562491555,-20.489114565163977
277,126.56742906570435,-0.045841,1.013178,3.115286,1.00703,-9.17920177894036,1.4985875708824343,-6.880032147042591,-20.4747622792616
278,126.99999213218689,-0.058512,1.015118,3.1152420000000003,1.0069145000000002,-8.668275194389324,1.4842352849003886,-7.390958731593628,-20.460409993279555
279,127.56751203536987,-0.066994,1.0156904999999998,3.115198,1.006799,-8.157348608420183,1.4411784268745802,-7.901885316144663,-20.44605770729751
280,128.00028204917908,-0.075476,1.016263,3.115192,1.00668,-7.646422023869145,1.398121568928443,-8.380878989338523,-20.431705421235794
281,128.56755089759827,-0.0809755,1.0163175,3.115186,1.006561,-7.13549543931811,1.3550647109823055,-8.859872662532384,-20.417353135253748
282,129.00012111663818,-0.086475,1.016372,3.115154,1.006452,-6.624568854767073,1.3120078529564971,-9.370799248501525,-20.403000849271702
283,129.56746292114258,-0.089948,1.0162285,3.115122,1.006343,-6.145575180155108,1.26895099501036,-9.881725833052561,-20.388648563289657
284,129.99991297721863,-0.093421,1.016085,3.1151105,1.0062365,-5.666581508379354,1.2258941370642227,-10.392652417603598,-20.388648563289657
285,130.5674660205841,-0.0956405,1.015869,3.115099,1.00613,-5.1556549224102115,1.1828372790384143,-10.903579002154634,-20.388648563289657
286,130.99996900558472,-0.09786,1.015653,3.1150865,1.0060275,-4.644728337859175,1.139780421092277,-11.41450558670567,-20.37429627730761
287,131.56711602210999,-0.0992455,1.0154074999999998,3.115074,1.005925,-4.1338017533081395,1.0823712770844227,-11.925432172674812,-20.359943991325565
288,131.99987506866455,-0.100631,1.015162,3.1150535,1.005825,-3.622875168757103,1.0249621331562397,-12.404425845868673,-20.34559170534352
289,132.56726908683777,-0.101499,1.014917,3.115033,1.005725,-3.111948584206067,0.9819052752101025,-12.883419519062532,-20.331239419361474
290,133.00049710273743,-0.102367,1.014672,3.1150385,1.0056289999999999,-2.6010219996550306,0.9388484173436366,-13.394346103613568,-20.316887133379428
291,133.56727004051208,-0.10288749999999999,1.0144265,3.115044,1.005533,-2.0900954151039945,0.8814392732561112,-13.905272688164604,-20.302534847397382
292,133.99991703033447,-0.103408,1.014181,3.1150525,1.0054400000000001,-1.5791688291348522,0.8240301293279281,-14.416199272715641,-20.288182561415336
293,134.567232131958,-0.103737,1.0139425,3.115061,1.005347,-1.068242244583816,0.7666209853997451,-14.927125857266676,-20.27383027543329
294,134.9999599456787,-0.104066,1.013704,3.1150564999999997,1.0052575,-0.5573156600327799,0.709211841391891,-15.438052441817712,-20.259477989451245
295,135.56750202178955,-0.10426750000000001,1.0134759999999998,3.115052,1.005168,-0.07832198683892026,0.6661549835254249,-15.948979027786855,-20.245125703309856
296,135.9999279975891,-0.104469,1.013248,3.1150435,1.00508,0.40067168635493944,0.6230981254996164,-16.42797269956261,-20.230773417407484
297,136.56755709648132,-0.1045925,1.0130249999999998,3.115035,1.004992,0.9115982709059756,0.5656889815714334,-16.906966374174573,-20.216421131425438
298,136.99992203712463,-0.104716,1.012802,3.1150510000000002,1.004909,1.4225248568751179,0.5082798375635792,-17.41789295872561,-20.202068845443392
299,137.5671989917755,-0.1048335,1.0125885000000001,3.115067,1.004826,1.933451441426154,0.4508706936353962,-17.928819543276646,-20.187716559461347
300,138.0001609325409,-0.104951,1.012375,3.1150719999999996,1.0047435,2.44437802597719,0.39346154962754204,-18.43974612924579,-20.1733642734793
301,138.56732201576233,-0.104991,1.012169,3.115077,1.004661,2.9553046105282266,0.3504046916017336,-18.950672713796823,-20.159011987497255
302,138.99990391731262,-0.105031,1.011963,3.1151014999999997,1.0045834999999999,3.4662311950792626,0.30734783365559637,-19.46159929834786,-20.14465970151521
303,139.56724500656128,-0.1050465,1.0117585,3.115126,1.004506,3.9452248682731224,0.24993868972741337,-19.972525882898896,-20.130307415533164
304,139.9999029636383,-0.105062,1.011554,3.1151545,1.0044309999999999,4.424218542885088,0.19252954579923037,-20.45151955609276,-20.115955129551118
305,140.5669960975647,-0.105035,1.011362,3.115183,1.004356,4.935145127436124,0.1351204017913762,-20.930513229286618,-20.1016028434894
306,141.0005280971527,-0.105008,1.01117,3.1152025,1.004281,5.446071711987161,0.07771125786319319,-21.441439813837654,-20.087250557507353
307,141.5675721168518,-0.105009,1.0109819999999998,3.115222,1.004206,5.956998296538196,0.034654399917055934,-21.952366399806795,-20.072898271525307
308,142.0001950263977,-0.10501,1.010794,3.1151835,1.004138,6.467924881089233,-0.008402458108752503,-22.46329298435783,-20.05854598554326
309,142.5671889781952,-0.105011,1.010614,3.115145,1.00407,6.978851467058375,-0.0658116019572643,-22.974219568908868,-20.044193699561216
310,143.0004379749298,-0.105012,1.010434,3.115107,1.004,7.489778051609411,-0.1232207458854473,-23.453213240684622,-20.044193699561216
311,143.56720089912415,-0.1050005,1.0102585,3.115069,1.00393,7.968771724803271,-0.1806298898933015,-23.932206915296586,-20.044193699561216
312,144.0001060962677,-0.104989,1.010083,3.1150625,1.003864,8.44776539799713,-0.2380390339011557,-24.443133499847622,-20.02984141357917
313,144.56721711158752,-0.10499700000000001,1.009913,3.115056,1.003798,8.958691982548167,-0.2810958919269641,-24.95406008439866,-20.015489127597125
314,144.99991703033447,-0.105005,1.009743,3.1151125,1.0037335,9.469618567099204,-0.3241527498731014,-25.464986668949695,-20.00113684161508
315,145.56723308563232,-0.105062,1.009582,3.115169,1.003669,9.980545153068345,-0.38156189388095557,-25.975913254918837,-19.986784555553363
316,145.99998211860657,-0.105119,1.009421,3.1152094999999997,1.0036085,10.491471737619381,-0.4389710377294674,-26.486839839469873,-19.972432269571318
317,146.5677831172943,-0.105154,1.009261,3.11525,1.003548,10.97046541081324,-0.49638018173732157,-26.99776642402091,-19.958079983589272
318,147.0004439353943,-0.105189,1.009101,3.115263,1.003488,11.4494590840071,-0.5537893256655045,-27.476760095796664,-19.943727697607226
319,147.5671911239624,-0.105176,1.0089480000000002,3.115276,1.003428,11.960385668558137,-0.5968461836116418,-27.95575377040863,-19.92937541162518
320,148.00006890296936,-0.105163,1.008795,3.1152685,1.003371,12.471312253109174,-0.6399030415577791,-28.466680354959667,-19.915023125643135
321,148.56728601455688,-0.105131,1.0086475,3.115261,1.003314,12.982238837660208,-0.6973121855656332,-28.97760694092881,-19.90067083966109
322,149.00061511993408,-0.105099,1.0085,3.115265,1.0032605,13.493165422211245,-0.7547213295734875,-29.488533525479845,-19.886318553679043
323,149.56740593910217,-0.1050805,1.008359,3.115269,1.003207,14.004092008180388,-0.8121304735016704,-29.99946011003088,-19.871966267696997
324,150.00001001358032,-0.105062,1.008218,3.1152955,1.0031504999999998,14.515018592731424,-0.8695396174298534,-30.47845378322474,-19.85761398171495
325,150.56742906570435,-0.10505400000000001,1.0080784999999999,3.115322,1.003094,14.994012265925283,-0.9269487614377077,-30.9574474564186,-19.843261695732906
326,151.00037693977356,-0.105046,1.007939,3.1153310000000003,1.0030424999999998,15.473005939119144,-0.9843579053658906,-31.468374040969636,-19.828909409671187
327,151.56726694107056,-0.10509,1.0078055,3.11534,1.002991,15.983932523670179,-1.027414763391699,-31.979300625520672,-19.81455712368914
328,152.0001950263977,-0.105134,1.007672,3.1153055,1.0029415,16.494859108221217,-1.0704716213378362,-32.49022721007171,-19.800204837707096
329,152.5672481060028,-0.10516500000000001,1.007544,3.115271,1.002892,17.005785694190358,-1.1278807652660192,-33.00115379604085,-19.78585255172505
330,153.0003719329834,-0.105196,1.007416,3.1152115,1.002844,17.516712278741394,-1.185289909114531,-33.48014746923471,-19.771500265743004
331,153.56748390197754,-0.105184,1.007291,3.115152,1.002796,17.995705951935253,-1.2426990532020565,-33.95914114242857,-19.75714797976096
332,153.99994611740112,-0.105172,1.007166,3.1151125000000004,1.002747,18.474699625129112,-1.3001081971302395,-34.47006772697961,-19.742795693778913
333,154.56742095947266,-0.10515,1.0070480000000002,3.115073,1.002698,18.98562620968015,-1.3431650550763767,-34.980994311530644,-19.728443407717197
334,155.00038599967957,-0.105128,1.00693,3.1150635,1.0026540000000002,19.496552794231185,-1.3862219131021851,-35.49192089608168,-19.71409112173515
335,155.56721901893616,-0.10512450000000001,1.006812,3.115054,1.00261,20.007479380200326,-1.443631056950697,-36.00284748205082,-19.699738835753106
336,155.99989008903503,-0.105121,1.006694,3.115057,1.0025659999999998,20.518405964751363,-1.5010402009585513,-36.513774066601854,-19.699738835753106
337,156.56742906570435,-0.105119,1.006581,3.11506,1.002522,20.997399637945225,-1.5584493448867343,-37.02470065115289,-19.699738835753106
338,156.9999270439148,-0.105117,1.006468,3.1150795000000002,1.002478,21.476393311139084,-1.6158584888945884,-37.50369432434675,-19.68538654977106
339,157.5674409866333,-0.1051285,1.006359,3.115099,1.002434,21.98731989569012,-1.6589153468407256,-37.98268799754061,-19.671034263868684
340,157.99989295005798,-0.10514,1.00625,3.115101,1.002394,22.498246480241157,-1.7019722047868628,-38.49361458350975,-19.65668197780697
341,158.5671889781952,-0.1051545,1.006148,3.115103,1.002354,23.009173064792193,-1.7593813488743884,-39.00454116806079,-19.642329691824923
342,159.00003004074097,-0.105169,1.006046,3.115109,1.0023125,23.52009964934323,-1.8167904928025713,-39.515467752611826,-19.627977405842877
343,159.57458901405334,-0.1051575,1.0059415,3.115115,1.002271,23.99909332253709,-1.8741996367307543,-40.02639433716286,-19.61362511986083
344,160.00046801567078,-0.105146,1.005837,3.115134,1.0022294999999999,24.478086995730948,-1.9316087806589373,-40.505388010356725,-19.599272833878786
345,160.568843126297,-0.105122,1.005741,3.115153,1.002188,24.98901358170009,-1.9746656386050745,-40.98438168355058,-19.58492054789674
346,160.99987697601318,-0.105098,1.005645,3.1151584999999997,1.0021520000000002,25.499940166251125,-2.017722496630883,-41.49530826810162,-19.570568261914694
347,161.5672070980072,-0.1050685,1.005548,3.115164,1.002116,26.010866750802162,-2.075131640559066,-42.00623485265265,-19.55621597593265
348,161.99987602233887,-0.105039,1.005451,3.115164,1.002083,26.5217933353532,-2.13254078456692,-42.51716143720369,-19.541863689950603
349,162.56726002693176,-0.10504,1.0053605,3.115164,1.00205,27.000787008547057,-2.189949928415432,-43.028088023172835,-19.527511403968557
350,163.00048208236694,-0.105041,1.00527,3.1151714999999998,1.002017,27.479780681740916,-2.247359072343615,-43.50708169636669,-19.51315911798651
351,163.5672059059143,-0.105079,1.0051805,3.115179,1.001984,27.99070726771006,-2.2904159303694236,-43.98607536956055,-19.498806831924792
352,164.0003800392151,-0.105117,1.005091,3.1151785,1.00195,28.501633852261097,-2.3334727883952318,-44.49700195411159,-19.484454545942747
353,164.56725597381592,-0.10517750000000001,1.005007,3.115178,1.001916,29.012560436812134,-2.390881932403086,-45.007928538662625,-19.47010225988103
354,165.00020599365234,-0.105238,1.004923,3.1151675,1.0018845,29.52348702136317,-2.448291076331269,-45.51885512463177,-19.455749973898985
355,165.56726002693176,-0.10528,1.0048375,3.115157,1.001853,30.00248069455703,-2.505700220339123,-46.02978170918281,-19.44139768791694
356,165.9999759197235,-0.105322,1.004752,3.1151655,1.001823,30.481474367750888,-2.5631093642673064,-46.50877538237666,-19.427045402014564
357,166.56735801696777,-0.1052915,1.0046745000000001,3.115174,1.001793,30.992400952301924,-2.6061662222134436,-46.987769055570524,-19.412693116032518
358,166.99996495246887,-0.105261,1.004597,3.1151410000000004,1.0017605,31.503327538271066,-2.649223080159581,-47.49869564012156,-19.398340830050472
359,167.56725692749023,-0.105253,1.0045199999999999,3.115108,1.001728,32.0142541228221,-2.706632224087764,-48.0096222246726,-19.383988544068426
360,167.9999189376831,-0.105245,1.004443,3.115105,1.0016995,32.52518070737314,-2.764041368015947,-48.520548810641735,-19.36963625808638
361,168.56776189804077,-0.10522500000000001,1.004368,3.115102,1.001671,33.0041743819851,-2.8214505120238007,-49.03147539519277,-19.355283972024665
362,168.9999189376831,-0.105205,1.004293,3.115096,1.001644,33.483168053760856,-2.878859656031655,-49.510469068386634,-19.355283972024665
363,169.56716799736023,-0.10520550000000001,1.004222,3.11509,1.001617,33.99409463831189,-2.9219165139777923,-49.989462741580496,-19.355283972024665
364,170.00002002716064,-0.105206,1.004151,3.1150915,1.0015895000000001,34.50502122286293,-2.9649733719239295,-50.500389326131526,-19.34093168604262
365,170.5672209262848,-0.10519,1.0040805000000002,3.115093,1.001562,35.015947808832074,-3.0223825158521125,-51.01131591068256,-19.326579400060574
366,170.99993300437927,-0.105174,1.00401,3.115116,1.0015355000000001,35.52687439338311,-3.079791659859967,-51.5222424952336,-19.312227114078528
367,171.56720495224,-0.1051595,1.0039435,3.115139,1.001509,36.005868066576966,-3.1372008038678207,-52.033169079784635,-19.297874828096482
368,172.00004696846008,-0.105145,1.003877,3.1151645,1.001487,36.48486173977083,-3.194609947796004,-52.512162754396606,-19.283522542114437
369,172.56759190559387,-0.10514899999999999,1.0038095,3.11519,1.001465,36.995788324321865,-3.2376668057421414,-52.99115642759046,-19.26917025613239
370,173.00040197372437,-0.105153,1.003742,3.1151945000000003,1.001438,37.5067149088729,-3.2807236636882786,-53.5020830121415,-19.254817970150345
371,173.56707000732422,-0.105158,1.0036815,3.115199,1.001411,37.98570858206676,-3.3381328076961325,-54.013009596692534,-19.2404656841683
372,173.9999439716339,-0.105163,1.003621,3.1151980000000004,1.0013855,38.46470225526062,-3.3955419516243155,-54.52393618124357,-19.22611339810658
373,174.56761693954468,-0.10518350000000001,1.003559,3.115197,1.00136,38.975628839811655,-3.4529510955524985,-55.03486276579461,-19.211761112044865
374,175.00049710273743,-0.105204,1.003497,3.115212,1.0013395,39.4865554257808,-3.510360239560353,-55.54578935176375,-19.19740882606282
375,175.56740999221802,-0.1052175,1.0034395,3.115227,1.001319,39.99748201033184,-3.5534170974268187,-56.05671593631479,-19.183056540080774
376,176.00005197525024,-0.105231,1.003382,3.1152385000000002,1.001296,40.50840859488287,-3.5964739554526273,-56.53570960950864,-19.168704254098728
377,176.56713891029358,-0.1051725,1.0033235,3.11525,1.001273,40.98740226807673,-3.6538830993808102,-57.014703282702506,-19.15435196819635
378,177.00001502037048,-0.105114,1.003265,3.115243,1.001252,41.46639594127059,-3.7112922433886646,-57.52562986725354,-19.139999682214306
379,177.56749510765076,-0.10507949999999999,1.0032100000000002,3.115236,1.001231,41.97732252582163,-3.7687013873168476,-58.03655645180458,-19.12564739623226
380,177.99991393089294,-0.105045,1.003155,3.1152255,1.0012085,42.48824911179077,-3.8261105312450305,-58.54748303777372,-19.111295110250214
381,178.56725001335144,-0.1050335,1.0031035,3.115215,1.001186,42.9991756963418,-3.869167389270839,-59.05840962232475,-19.09694282426817
382,179.00013399124146,-0.105022,1.003052,3.115209,1.0011675,43.51010228089284,-3.9122242472169764,-59.537403295518615,-19.082590538286123
383,179.56770992279053,-0.105016,1.0030000000000001,3.115203,1.001149,43.9890959540867,-3.9696333912248303,-60.01639696871248,-19.068238252304077
384,180.00022292137146,-0.10501,1.002948,3.1151855,1.0011290000000002,44.46808962728056,-4.027042535153013,-60.527323553263514,-19.053885966242362
385,180.5674479007721,-0.10500000000000001,1.0028985000000001,3.115168,1.001109,44.9790162118316,-4.084451679081196,-61.03825013781455,-19.039533680260316
386,180.9999339580536,-0.10499,1.002849,3.1151475,1.0010919999999999,45.48994279780074,-4.141860823089051,-61.54917672236559,-19.02518139427827
387,181.56728291511536,-0.104973,1.002802,3.115127,1.001075,45.9689364709946,-4.184917681035188,-62.06010330691662,-19.010829108296225
388,182.00087213516235,-0.104956,1.002755,3.1151150000000003,1.0010555,46.44793014418846,-4.227974539060996,-62.53909698152859,-19.010829108296225
389,182.567214012146,-0.10496849999999999,1.0027075,3.115103,1.001036,46.95885672873949,-4.285383682909508,-63.01809065472244,-19.010829108296225
390,183.00005412101746,-0.104981,1.00266,3.115086,1.0010175000000001,47.46978331329053,-4.342792826837691,-63.52901723927348,-18.99647682231418
391,183.5672640800476,-0.105015,1.0026160000000002,3.115069,1.000999,47.980709897841564,-4.400201970845545,-64.03994382382452,-18.982124536332133
392,183.99968004226685,-0.105049,1.002572,3.115057,1.0009845,48.4916364823926,-4.4576111148534,-64.55087040837556,-18.967772250350087
393,184.56726098060608,-0.105044,1.0025285,3.115045,1.00097,48.97063015558646,-4.500667972879208,-65.06179699292659,-18.95341996436804
394,185.00022912025452,-0.105039,1.002485,3.1150275,1.0009515,49.449623828780325,-4.5437248308253455,-65.54079066612044,-18.939067678385996
395,185.56729006767273,-0.1050355,1.0024435,3.11501,1.000933,49.96055041474946,-4.6011339747535285,-66.01978433931431,-18.924715392324277
396,186.00000596046448,-0.105032,1.002402,3.114999,1.000918,50.4714769993005,-4.6585431186817114,-66.53071092386534,-18.91036310634223
397,186.56751894950867,-0.1050295,1.0023615000000001,3.114988,1.000903,50.95047067249436,-4.715952262689565,-67.04163750983449,-18.896010820360186
398,187.0000720024109,-0.105027,1.002321,3.114997,1.000888,51.42946434568822,-4.773361406617748,-67.55256409438553,-18.88165853437814
399,187.56735610961914,-0.1050175,1.0022820000000001,3.115006,1.000873,51.94039093023925,-4.816418264563886,-68.06349067893656,-18.867306248396094
400,188.000097990036,-0.105008,1.002243,3.1150265,1.000858,52.45131751479029,-4.859475122510023,-68.54248435071231,-18.85295396241405
401,188.56761002540588,-0.1049915,1.0022069999999998,3.115047,1.000843,52.962244100759435,-4.916884266517877,-69.02147802532428,-18.838601676432003
402,189.000324010849,-0.104975,1.002171,3.115084,1.0008265,53.47317068531047,-4.97429341044606,-69.53240460987531,-18.824249390449957
403,189.56737899780273,-0.1049795,1.002135,3.115121,1.00081,53.952164358504334,-5.031702554374243,-70.04333119584446,-18.80989710446791
404,190.000342130661,-0.104984,1.002099,3.115112,1.000799,54.43115803169819,-5.089111698382097,-70.55425778039549,-18.795544818485865
405,190.5673840045929,-0.105028,1.0020635,3.115103,1.000788,54.942084616249225,-5.132168556328234,-71.06518436494653,-18.78119253250382
406,191.00035905838013,-0.105072,1.002028,3.115093,1.0007774999999999,55.45301120080026,-5.175225414354043,-71.54417803814039,-18.766840246521774
407,191.56718397140503,-0.1051035,1.0019935,3.115083,1.000767,55.932004873994124,-5.232634558361897,-72.02317171133426,-18.75248796046006
408,191.99999904632568,-0.105135,1.001959,3.115082,1.000751,56.41099854718798,-5.29004370229008,-72.53409829588529,-18.738135674478013
409,192.56737804412842,-0.1051185,1.0019255,3.115081,1.000735,56.921925131739016,-5.347452846218263,-73.04502488043632,-18.723783388495967
410,192.99994897842407,-0.105102,1.001892,3.1150735000000003,1.0007229999999998,57.43285171770816,-5.404861990066775,-73.55595146498736,-18.70943110251392
411,193.56738710403442,-0.10506499999999999,1.0018595000000001,3.115066,1.000711,57.9437783022592,-5.447918848172255,-74.0668780509565,-18.695078816531876
412,193.9998540878296,-0.105028,1.001827,3.115084,1.0006995,58.454704886810234,-5.490975706118392,-74.54587172415036,-18.68072653054983
413,194.5671980381012,-0.1050045,1.0017975,3.115102,1.000688,58.9336985614222,-5.548384850046575,-75.02486539734421,-18.66637424448811
414,195.00058913230896,-0.104981,1.001768,3.1150925,1.0006765,59.41269223319795,-5.605793994054429,-75.53579198189526,-18.66637424448811
415,195.56720805168152,-0.104977,1.0017369999999999,3.115083,1.000665,59.923618819167096,-5.663203137902941,-76.04671856644629,-18.66637424448811
416,195.99987602233887,-0.104973,1.001706,3.115118,1.0006555,60.43454540371813,-5.720612281910795,-76.55764515099733,-18.652021958506065
417,196.56726598739624,-0.104994,1.0016755,3.115153,1.000646,60.91353907691199,-5.763669139856932,-77.06857173696648,-18.63766967252402
418,196.99989295005798,-0.105015,1.001645,3.115141,1.0006335,61.39253275010585,-5.806725997882741,-77.54756541016033,-18.623317386621647
419,197.56703305244446,-0.105022,1.001618,3.115129,1.000621,61.90345933465689,-5.864135141810924,-78.02655908335419,-18.6089651006396
420,198.00008296966553,-0.105029,1.001591,3.1151595,1.0006105,62.41438591920792,-5.921544285739107,-78.53748566790523,-18.594612814657555
421,198.56738305091858,-0.1050005,1.001566,3.11519,1.0006,62.92531250375896,-5.97895342974696,-79.04841225245626,-18.580260528595836
422,199.0003800392151,-0.104972,1.001541,3.115196,1.000591,63.436239088309996,-6.036362573675143,-79.52740592565013,-18.56590824261379
423,199.5682270526886,-0.1049615,1.0015155,3.115202,1.000582,63.91523276292196,-6.079419431700952,-80.00639959884398,-18.551555956631745
424,199.999920129776,-0.104951,1.00149,3.1151885,1.0005709999999999,64.39422643611582,-6.122476289647089,-80.51732618339501,-18.5372036706497
425,200.56732201576233,-0.1049455,1.0014634999999998,3.115175,1.00056,64.90515302066686,-6.179885433575272,-81.02825276936416,-18.522851384667653
426,201.00015211105347,-0.10494,1.001437,3.1151609999999996,1.000551,65.41607960521789,-6.2372945775831266,-81.5391793539152,-18.508499098685608
427,201.56748795509338,-0.1049395,1.0014135,3.115147,1.000542,65.89507327841176,-6.2947037215113095,-82.05010593846623,-18.494146812703562
428,201.9998869895935,-0.104939,1.00139,3.1151619999999998,1.000531,66.37406695160561,-6.352112865519164,-82.52909961166009,-18.479794526721516
429,202.56721591949463,-0.10495950000000001,1.001369,3.115177,1.00052,66.88499353615664,-6.395169723465301,-83.00809328485396,-18.46544224073947
430,202.99993300437927,-0.10498,1.001348,3.1151685000000002,1.0005115,67.39592012070769,-6.438226581411438,-83.51901986940499,-18.451089954677755
431,203.56735396385193,-0.104991,1.0013225000000001,3.11516,1.000503,67.90684670525872,-6.495635725419293,-84.02994645537413,-18.43673766869571
432,203.99998497962952,-0.105002,1.001297,3.115152,1.0004944999999998,68.41777329122786,-6.553044869347476,-84.54087303992517,-18.422385382713664
433,204.5673758983612,-0.1049885,1.0012755000000002,3.115144,1.000486,68.89676696442172,-6.61045401335533,-85.0517996244762,-18.408033096651945
434,204.9998860359192,-0.104975,1.001254,3.1151355,1.0004795,69.37576063761558,-6.667863157283513,-85.53079329767006,-18.3936808106699
435,205.56777596473694,-0.104988,1.0012340000000002,3.115127,1.000473,69.88668722216661,-6.71092001522965,-86.00978697086393,-18.379328524687853
436,206.00040292739868,-0.105001,1.001214,3.115131,1.0004629999999999,70.39761380671766,-6.753976873096116,-86.52071355541496,-18.364976238705808
437,206.56719398498535,-0.1050255,1.001193,3.115135,1.000453,70.87660747991151,-6.811386017183642,-87.031640139966,-18.350623952803435
438,207.00027012825012,-0.10505,1.001172,3.1151385,1.000445,71.35560115310537,-6.868795161111825,-87.54256672451703,-18.33627166682139
439,207.56737995147705,-0.10506599999999999,1.0011519999999998,3.115142,1.000437,71.86652773907451,-6.926204305040008,-88.05349331048618,-18.321919380839343
440,207.99994206428528,-0.105082,1.001132,3.1151535,1.000432,72.37745432362556,-6.983613448968191,-88.53248698226193,-18.321919380839343
441,208.5675630569458,-0.1051105,1.0011145,3.115165,1.000427,72.88838090817659,-7.026670306993999,-89.01148065687389,-18.321919380839343
442,209.00000500679016,-0.105139,1.001097,3.115194,1.0004184999999999,73.39930749272763,-7.0697271649401365,-89.52240724142493,-18.307567094777625
443,209.56743812561035,-0.10516049999999999,1.0010785,3.115223,1.00041,73.87830116592148,-7.1271363088683195,-90.03333382597596,-18.29321480879558
444,210.00031304359436,-0.105182,1.00106,3.1152189999999997,1.000405,74.35729483911534,-7.184545452876173,-90.544260410527,-18.278862522813533
445,210.56726694107056,-0.10516,1.001042,3.115215,1.0004,74.86822142508449,-7.241954596804356,-91.05518699649615,-18.264510236831487
446,211.0004141330719,-0.105138,1.001024,3.115241,1.000391,75.37914800963553,-7.29936374081221,-91.53418066969,-18.25015795084944
447,211.56751203536987,-0.10508999999999999,1.001007,3.115267,1.000382,75.85814168282938,-7.3424205987583475,-92.01317434288386,-18.235805664867396
448,212.00019598007202,-0.105042,1.00099,3.1152765000000002,1.0003765,76.33713535602324,-7.385477456704485,-92.5241009274349,-18.22145337888535
449,212.5673589706421,-0.10505149999999999,1.0009715,3.115286,1.000371,76.84806194057428,-7.442886600712339,-93.03502751198593,-18.207101092903304
450,213.00016713142395,-0.105061,1.000953,3.1152795,1.000365,77.35898852512531,-7.500295744640522,-93.54595409653697,-18.19274880692126
451,213.56725597381592,-0.10506,1.000938,3.115273,1.000359,77.86991510967636,-7.543352602666331,-94.05688068250612,-18.178396520939213
452,214.0000491142273,-0.105059,1.000923,3.1152509999999998,1.000353,78.38084169422739,-7.586409460612468,-94.53587435569997,-18.164044234957167
453,214.5674479007721,-0.105049,1.000907,3.115229,1.000347,78.85983536883936,-7.643818604540651,-95.01486802889383,-18.149691948815782
454,215.0004780292511,-0.105039,1.000891,3.1151985,1.0003415,79.33882904203321,-7.701227748468834,-95.52579461344487,-18.135339662833736
455,215.56768703460693,-0.10504,1.000877,3.115168,1.000336,79.84975562658425,-7.758636892397017,-96.0367211979959,-18.12098737685169
456,215.99996900558472,-0.105041,1.000863,3.115156,1.0003294999999999,80.36068221113528,-7.8160460363252,-96.54764778254695,-18.106635090949315
457,216.567321062088,-0.105044,1.000848,3.115144,1.000323,80.83967588432914,-7.859102894351008,-97.05857436709798,-18.09228280496727
458,217.00000309944153,-0.105047,1.000833,3.1151815000000003,1.000318,81.31866955752301,-7.902159752376817,-97.53756804029183,-18.077930518985223
459,217.5673360824585,-0.1050275,1.000819,3.115219,1.000313,81.82959614207404,-7.959568896384671,-98.0165617134857,-18.063578233003177
460,217.9998481273651,-0.105008,1.000805,3.1152505,1.000307,82.34052272662508,-8.016978040312853,-98.52748829803673,-18.04922594702113
461,218.56760001182556,-0.10499900000000001,1.0007920000000001,3.115282,1.000301,82.81951640123704,-8.074387184320708,-99.03841488400587,-18.034873661039086
462,219.00015997886658,-0.10499,1.000779,3.1153045,1.0002965000000001,83.29851007443091,-8.13179632816922,-99.54934146855692,-18.02052137505704
463,219.56722497940063,-0.10497100000000001,1.0007655,3.115327,1.000292,83.80943665898194,-8.174853186195028,-100.06026805310795,-18.006169089074994
464,219.9998860359192,-0.104952,1.000752,3.1153045,1.000289,84.32036324353297,-8.217910044141165,-100.5392617263018,-18.006169089074994
465,220.56729006767273,-0.1049695,1.000741,3.115282,1.000286,84.83128982808401,-8.275319188069348,-101.01825539949567,-18.006169089074994
466,220.99986505508423,-0.104987,1.00073,3.1152805,1.0002795,85.34221641263504,-8.332728331997531,-101.5291819840467,-17.99181680309295
467,221.5671730041504,-0.1049915,1.0007164999999998,3.115279,1.000273,85.82121008582891,-8.390137476005386,-102.04010857001585,-17.977464517031233
468,221.99989295005798,-0.104996,1.000703,3.1152905,1.0002685,86.30020375902276,-8.447546619933568,-102.55103515456688,-17.963112231049188
469,222.56732201576233,-0.104989,1.0006905,3.115302,1.000264,86.81113034357381,-8.490603477879706,-103.06196173911792,-17.948759945067142
470,223.0005190372467,-0.104982,1.000678,3.1152794999999998,1.000258,87.32205692954294,-8.533660335905514,-103.54095541231177,-17.934407659085096
471,223.56734991073608,-0.1049735,1.0006665,3.115257,1.000252,87.80105060273681,-8.591069479833697,-104.01994908550564,-17.92005537310305
472,223.99986600875854,-0.104965,1.000655,3.115265,1.0002485,88.28004427593066,-8.648478623841552,-104.53087567005667,-17.905703087121005
473,224.56720900535583,-0.1049895,1.0006435,3.115273,1.000245,88.79097086048169,-8.705887767769735,-105.04180225602582,-17.89135080113896
474,224.9999120235443,-0.105014,1.000632,3.1152800000000003,1.0002425000000001,89.30189744503274,-8.763296911697918,-105.55272884057685,-17.876998515156913
475,225.56746697425842,-0.10505300000000001,1.0006225,3.115287,1.00024,89.81282402958377,-8.806353769644055,-106.06365542512789,-17.862646229095194
476,226.0000569820404,-0.105092,1.000613,3.1152705000000003,1.0002330000000001,90.32375061555291,-8.849410627590192,-106.54264909832175,-17.84829394311315
477,226.5671830177307,-0.10509,1.000602,3.115254,1.000226,90.80274428874678,-8.906819771677718,-107.0216427715156,-17.833941657131103
478,226.99992299079895,-0.105088,1.000591,3.1152275,1.000223,91.28173796194064,-8.9642289156059,-107.53256935606665,-17.819589371149057
479,227.56722712516785,-0.105057,1.000581,3.115201,1.00022,91.79266454649166,-9.021638059534084,-108.04349594061767,-17.80523708516701
480,227.99999403953552,-0.105026,1.000571,3.115196,1.0002165,92.30359113104271,-9.079047203541938,-108.55442252516872,-17.790884799184965
481,228.5671660900116,-0.10503499999999999,1.0005615,3.115191,1.000213,92.78258480423656,-9.122104061408404,-109.06534911113786,-17.77653251320292
482,228.9998860359192,-0.105044,1.000552,3.1151780000000002,1.0002115,93.26157847743042,-9.165160919434213,-109.54434278433172,-17.762180227220874
483,229.56753396987915,-0.10506499999999999,1.000543,3.115165,1.00021,93.77250506339956,-9.222570063362395,-110.02333645752557,-17.74782794123883
484,229.9998800754547,-0.105086,1.000534,3.1151515,1.000205,94.28343164795061,-9.27997920737025,-110.53426304207662,-17.733475655256782
485,230.56725406646729,-0.105073,1.0005245,3.115138,1.0002,94.76242532114446,-9.337388351298433,-111.04518962662765,-17.719123369274737
486,230.99985790252686,-0.10506,1.000515,3.1151644999999997,1.0001965,95.24141899433832,-9.394797495226616,-111.55611621117869,-17.70477108321302
487,231.56717491149902,-0.105063,1.000509,3.115191,1.000193,95.75234557888936,-9.437854353252424,-112.06704279714783,-17.690418797230976
488,231.9999189376831,-0.105066,1.000503,3.115221,1.0001890000000002,96.26327216344039,-9.480911211198562,-112.54603647034169,-17.67606651124893
489,232.5669400691986,-0.1050885,1.0004914999999999,3.115251,1.000185,96.77419874799143,-9.538320355206416,-113.02503014353555,-17.661714225266884
490,232.99988198280334,-0.105111,1.00048,3.1152625,1.000183,97.28512533254246,-9.595729499134599,-113.53595672808659,-17.661714225266884
491,233.56724905967712,-0.1050855,1.0004735,3.115274,1.000181,97.76411900715443,-9.653138643062782,-114.04688331263762,-17.661714225266884
492,234.0002269744873,-0.10506,1.000467,3.1152794999999998,1.0001769999999999,98.24311268034829,-9.710547787070636,-114.55780989718866,-17.64736193928484
493,234.56721091270447,-0.10505049999999999,1.000458,3.115285,1.000173,98.75403926489933,-9.753604645016773,-115.06873648315779,-17.633009653302793
494,235.0002110004425,-0.105041,1.000449,3.115278,1.000171,99.26496584945036,-9.79666150296291,-115.54773015493355,-17.618657367320747
495,235.56722712516785,-0.105049,1.0004404999999998,3.115271,1.000169,99.74395952264422,-9.854070646891094,-116.02672382954552,-17.604305081259028
496,235.99986696243286,-0.105057,1.000432,3.1152715,1.0001655,100.22295319583809,-9.911479790819277,-116.53765041409656,-17.589952795276982
497,236.56727600097656,-0.1050445,1.0004255,3.115272,1.000162,100.73387978038912,-9.968888934827131,-117.04857699864759,-17.575600509294937
498,236.99989008903503,-0.105032,1.000419,3.1152875,1.000159,101.24480636494016,-10.026298078834984,-117.52757067184145,-17.56124822331289
499,237.56722402572632,-0.1050145,1.0004135,3.115303,1.000156,101.72380003955212,-10.06935493678112,-118.00656434503532,-17.54689593741052
500,237.99993801116943,-0.104997,1.000408,3.115256,1.000153,102.20279371274599,-10.112411794727258,-118.51749093100445,-17.5325436513488
501,238.56718802452087,-0.10499449999999999,1.000404,3.115209,1.00015,102.71372029729702,-10.169820938655441,-119.02841751555549,-17.518191365366754
502,239.0000901222229,-0.104992,1.0004,3.1151904999999998,1.00015,103.22464688184806,-10.227230082663295,-119.53934410010652,-17.503839079384708
503,239.56939601898193,-0.10499649999999999,1.0003905,3.115172,1.00015,103.73557346639909,-10.270286940689104,-120.05027068465756,-17.489486793402662
504,239.99990606307983,-0.105001,1.000381,3.115164,1.000149,104.24650005095013,-10.313343798635241,-120.52926435785142,-17.475134507420616
505,240.56725406646729,-0.105017,1.000373,3.115156,1.000148,104.72549372414399,-10.370752942563424,-121.00825803104527,-17.46078222143857
506,241.00535798072815,-0.105033,1.000365,3.1151735,1.000143,105.20448739733784,-10.428162086491607,-121.51918461559632,-17.446429935456525
507,241.56717991828918,-0.105032,1.000359,3.115191,1.000138,105.71541398188889,-10.485571230499461,-122.03011120014735,-17.43207764947448
508,241.99988412857056,-0.105031,1.000353,3.115202,1.0001345000000001,106.22634056785803,-10.542980374427644,-122.54103778611649,-17.417725363492433
509,242.56793403625488,-0.10505049999999999,1.0003475000000002,3.115213,1.000131,106.70533424105189,-10.586037232373782,-123.05196437066753,-17.403373077510388
510,243.00160908699036,-0.10507,1.000342,3.1152365,1.0001265,107.18432791424574,-10.62909409039959,-123.53095804386139,-17.389020791528342
511,243.5677149295807,-0.105116,1.0003365,3.11526,1.000122,107.69525449879679,-10.686503234327773,-124.00995171705524,-17.374668505466627
512,243.99989008903503,-0.105162,1.000331,3.115269,1.0001229999999999,108.20618108334781,-10.743912378335628,-124.52087830160629,-17.360316219404908
513,244.56724309921265,-0.1051625,1.0003255000000002,3.115278,1.000124,108.71710766789886,-10.80132152226381,-125.03180488615732,-17.345963933422862
514,245.00000405311584,-0.105163,1.00032,3.1152505,1.0001205,109.22803425386799,-10.858730666191994,-125.54273147070836,-17.345963933422862
515,245.5671989917755,-0.10515,1.0003145,3.115223,1.000117,109.70702792706186,-10.901787524217802,-126.0536580566775,-17.345963933422862
516,245.99995803833008,-0.105137,1.000309,3.1152235,1.0001155,110.18602160025571,-10.94484438216394,-126.53265172987136,-17.331611647440816
517,246.56717491149902,-0.1051125,1.0003039999999999,3.115224,1.000114,110.69694818480676,-11.002253526171794,-127.01164540306522,-17.31725936145877
518,247.00051307678223,-0.105088,1.000299,3.1152379999999997,1.0001120000000001,111.20787476935779,-11.059662670099977,-127.52257198761626,-17.302907075556398
519,247.5672299861908,-0.105078,1.0002975,3.115252,1.00011,111.68686844255164,-11.11707181402816,-128.0334985721673,-17.288554789574352
520,248.00233602523804,-0.105068,1.000296,3.115243,1.0001095,112.16586211574551,-11.174480957956343,-128.54442515671832,-17.274202503592306
521,248.56730103492737,-0.10504649999999999,1.000289,3.115234,1.000109,112.67678870171464,-11.21753781590248,-129.05535174268746,-17.25985021761026
522,248.99989008903503,-0.105025,1.000282,3.1152165,1.0001065,113.18771528626569,-11.260594673848617,-129.53434541588132,-17.245497931628215
523,249.5669400691986,-0.105027,1.0002735,3.115199,1.000104,113.66670895945954,-11.318003817856471,-130.0133390890752,-17.231145645566496
524,249.99994802474976,-0.105029,1.000265,3.115184,1.0001015,114.14570263265341,-11.375412961864326,-130.52426567362622,-17.21679335958445
525,250.56715393066406,-0.10499249999999999,1.0002635,3.115169,1.000099,114.65662921720444,-11.432822105792509,-131.03519225817726,-17.202441073602404
526,251.00005507469177,-0.104956,1.000262,3.115131,1.000097,115.16755580175547,-11.490231249720692,-131.5461188427283,-17.18808878762036
527,251.56716895103455,-0.104968,1.000257,3.115093,1.000095,115.67848238630651,-11.5332881077465,-132.05704542727935,-17.173736501638313
528,251.9998710155487,-0.10498,1.000252,3.115103,1.000096,116.18940897227566,-11.576344965692638,-132.5360390990551,-17.159384215656267
529,252.56727004051208,-0.104981,1.000248,3.115113,1.000097,116.66840264546951,-11.633754109700492,-133.01503277366706,-17.14503192967422
530,253.00498008728027,-0.104982,1.000244,3.11511,1.0000944999999999,117.14739631866337,-11.691163253628675,-133.5259593582181,-17.130679643692176
531,253.5672070980072,-0.1049815,1.0002445,3.115107,1.000092,117.65832290321441,-11.748572397556858,-134.03688594418722,-17.11632735771013
532,253.99990105628967,-0.104981,1.000245,3.115118,1.0000900000000001,118.16924948776544,-11.805981541564712,-134.54781252873826,-17.10197507156874
533,254.56720304489136,-0.104963,1.0002395000000002,3.115129,1.000088,118.64824316095931,-11.84903839951085,-135.0587391132893,-17.087622785586696
534,254.9999179840088,-0.104945,1.000234,3.115152,1.0000875,119.12723683415317,-11.892095257456987,-135.53773278648316,-17.07327049960465
535,255.56732296943665,-0.104973,1.0002300000000002,3.115175,1.000087,119.6381634187042,-11.94950440138517,-136.01672645967702,-17.058918213622604
536,255.9998960494995,-0.105001,1.000226,3.1152005,1.000083,120.14909000325524,-12.006913545393024,-136.52765304564616,-17.04456592764056
537,256.5674901008606,-0.105019,1.0002165,3.115226,1.000079,120.6280836764491,-12.064322689400877,-137.0385796301972,-17.030213641738186
538,256.99999809265137,-0.105037,1.000207,3.115209,1.0000784999999999,121.10707735106106,-12.121731833329061,-137.54950621474825,-17.030213641738186
539,257.5674080848694,-0.1050255,1.000204,3.115192,1.000078,121.6180039356121,-12.164788691275199,-138.06043279929926,-17.030213641738186
540,258.0000729560852,-0.105014,1.000201,3.11519,1.0000775000000002,122.12893052016314,-12.207845549221336,-138.53942647249315,-17.01586135575614
541,258.5674331188202,-0.1049805,1.0001959999999999,3.115188,1.000077,122.63985710471417,-12.265254693149519,-139.018420145687,-17.001509069774094
542,259.00036692619324,-0.104947,1.000191,3.115198,1.000076,123.15078368926521,-12.322663837157371,-139.52934673165615,-16.98715678379205
543,259.56734704971313,-0.10498299999999999,1.0001905,3.115208,1.000075,123.62977736245907,-12.380072981165226,-140.04027331620716,-16.972804497810003
544,260.0003070831299,-0.105019,1.00019,3.1152105,1.000072,124.10877103565292,-12.437482125093409,-140.5511999007582,-16.958452211827957
545,260.56722593307495,-0.105039,1.0001855,3.115213,1.000069,124.61969762020397,-12.480538983039546,-141.06212648530925,-16.94409992584591
546,260.9999599456787,-0.105059,1.000181,3.11521,1.00007,125.13062420617311,-12.523595840985683,-141.5411201585031,-16.929747639784193
547,261.5671880245209,-0.1050425,1.000176,3.115207,1.000071,125.60961787936697,-12.581004984993537,-142.02011383169696,-16.915395353802147
548,262.00014996528625,-0.105026,1.000171,3.115202,1.0000689999999999,126.08861155256082,-12.63841412892172,-142.531040416248,-16.9010430678201
549,262.5671811103821,-0.10498350000000001,1.0001704999999999,3.115197,1.000067,126.59953813711186,-12.695823272849903,-143.04196700079905,-16.886690781838055
550,263.0001699924469,-0.104941,1.00017,3.115215,1.000066,127.1104647216629,-12.753232416857758,-143.5209606739929,-16.87233849585601
551,263.56733894348145,-0.10494800000000001,1.0001674999999999,3.115233,1.000065,127.58945839485676,-12.796289274724224,-143.99995434860486,-16.857986209873964
552,263.9999210834503,-0.104955,1.000165,3.1152335,1.0000645000000001,128.06845206805062,-12.83934613267036,-144.5108809331559,-16.843633923891918
553,264.5673050880432,-0.104958,1.000162,3.115234,1.000064,128.57937865401976,-12.896755276678215,-145.02180751770695,-16.829281637909872
554,264.99995613098145,-0.104961,1.000159,3.115239,1.0000615000000002,129.0903052385708,-12.95416442068607,-145.53273410225796,-16.814929351848157
555,265.5671420097351,-0.104963,1.0001565000000001,3.115244,1.000059,129.60123182312182,-12.997221278711878,-146.043660686809,-16.80057706586611
556,266.0000009536743,-0.104965,1.000154,3.1152765000000002,1.0000580000000001,130.11215840767287,-13.040278136658015,-146.52265436000286,-16.786224779884066
557,266.56744503974915,-0.1050075,1.0001495,3.115309,1.000057,130.59115208086672,-13.09768728066587,-147.00164803319672,-16.77187249390202
558,267.0005819797516,-0.10505,1.000145,3.115344,1.0000575,131.07014575406058,-13.155096424514381,-147.51257461774776,-16.757520207919974
559,267.5672039985657,-0.10505300000000001,1.000145,3.115379,1.000058,131.58107234002972,-13.212505568522236,-148.0235012037169,-16.74316792193793
560,267.9999339580536,-0.105056,1.000145,3.1153649999999997,1.000057,132.09199892458076,-13.269914712450419,-148.53442778826795,-16.728815635955883
561,268.56718707084656,-0.1050655,1.0001415,3.115351,1.000056,132.57099259777462,-13.312971570396556,-149.045354372819,-16.714463349973837
562,268.99978590011597,-0.105075,1.000138,3.1153355,1.0000550000000001,133.04998627096847,-13.356028428342693,-149.52434804601285,-16.70011106399179
563,269.5672929286957,-0.105099,1.0001354999999998,3.11532,1.000054,133.56091285551952,-13.413437572350547,-150.0033417192067,-16.685758778009745
564,270.0004999637604,-0.105123,1.000133,3.11532,1.000054,134.07183944007056,-13.470846716358402,-150.0033417192067,-16.685758778009745
565,270.99997091293335,-0.105227,1.000129,3.11532,1.000054,135.02982678645827,-13.585665004214768,-150.0033417192067,-16.685758778009745
566,271.9999179840088,-0.105263,1.000127,3.11532,1.000054,136.05167995697846,-13.671778720186714,-150.0033417192067,-16.685758778009745
567,273.0034110546112,-0.105229,1.000123,3.11532,1.000054,137.07353312608052,-13.786597008122751,-150.0033417192067,-16.685758778009745
568,274.0015070438385,-0.105202,1.000103,3.11532,1.000054,138.0953862951826,-13.901415295899445,-150.0033417192067,-16.685758778009745
569,275.0004999637604,-0.105155,1.000098,3.11532,1.000054,139.05337364157032,-13.987529011951063,-150.0033417192067,-16.685758778009745
570,275.9999010562897,-0.105098,1.000101,3.11532,1.000054,140.01136098937616,-14.1023472998871,-150.0033417192067,-16.685758778009745
571,277.0001049041748,-0.105026,1.000109,3.11532,1.000054,141.03321415847822,-14.217165587823137,-150.0033417192067,-16.685758778009745
