,time,lat_1,lon_1,cog_1,sog_1,lat_2,lon_2,cog_2,sog_2
63,0.0,63.32942272851971,10.079846527466072,0.006236,1.00924,63.33132265656837,10.079856840706384,-3.1388555,1.0048905000000001
64,0.6037728786468506,63.32942702570317,10.079846527466072,0.006243,1.0090824999999999,63.33131807290601,10.079856840706384,-3.138841,1.004806
65,0.9999778270721436,63.329431322886634,10.079846527466072,0.00625,1.008925,63.33131348924364,10.079856554227486,-3.1388475,1.004726
66,1.6030828952789307,63.329435906549,10.07984681394497,0.006267,1.008775,63.33130890558128,10.079856267748589,-3.138854,1.004646
67,1.999985933303833,63.32944049021137,10.079847100423867,0.006284,1.008625,63.33130432191892,10.079856267748589,-3.138849,1.0045685
68,2.6037259101867676,63.32944507387373,10.079847100423867,0.006257,1.0084775000000001,63.33129973825656,10.079856267748589,-3.138844,1.004491
69,2.999958038330078,63.32944965753608,10.079847100423867,0.00623,1.00833,63.331295441073095,10.079856267748589,-3.1388285,1.004415
70,3.603126049041748,63.32945424119844,10.079847100423867,0.006227,1.0081915000000001,63.331291143889636,10.079856267748589,-3.138813,1.004339
71,3.99932599067688,63.3294588248608,10.079847100423867,0.006224,1.008053,63.33128656022727,10.079856267748589,-3.1388435,1.0042659999999999
72,4.60393500328064,63.32946340852317,10.079847100423867,0.0062275,1.0079195,63.33128197656491,10.079856267748589,-3.138874,1.004193
73,4.999311923980713,63.32946799218553,10.079847100423867,0.006231,1.007786,63.33127739290255,10.079856267748589,-3.1388665,1.0041229999999999
74,5.603119850158691,63.329472289368994,10.079847100423867,0.006213,1.0076545000000001,63.33127280924019,10.079856267748589,-3.138859,1.004053
75,5.999253034591675,63.32947658655245,10.079847100423867,0.006195,1.007523,63.33126822557783,10.079856267748589,-3.1388860000000003,1.003984
76,6.604087829589844,63.32948117021481,10.079847386902765,0.0061835,1.007396,63.33126364191547,10.079856267748589,-3.138913,1.003915
77,7.003572940826416,63.32948575387717,10.079847673381662,0.006172,1.007269,63.331259344732004,10.079856267748589,-3.1389139999999998,1.003849
78,7.603179931640625,63.32949033753954,10.079847673381662,0.0061795,1.007149,63.33125504754853,10.079856267748589,-3.138915,1.003783
79,7.999430894851685,63.329494921201906,10.079847673381662,0.006187,1.007029,63.33125046388618,10.079856267748589,-3.1389255,1.003721
80,8.603663921356201,63.32949950486426,10.079847673381662,0.006203,1.0069110000000001,63.33124588022382,10.079856267748589,-3.138936,1.003659
81,9.00031590461731,63.32950408852662,10.079847673381662,0.006219,1.006793,63.33124129656146,10.079856267748589,-3.1388930000000004,1.003598
82,9.6044340133667,63.329508385710085,10.079847673381662,0.006266,1.006678,63.3312367128991,10.079856267748589,-3.13885,1.003537
83,10.000635862350464,63.329512682893544,10.079847673381662,0.006313,1.006563,63.33123241571563,10.079856267748589,-3.138815,1.003476
84,10.603929042816162,63.32951726655591,10.07984795986056,0.006342,1.0064510000000002,63.331228118532174,10.079856267748589,-3.13878,1.003415
85,11.000553846359253,63.32952185021828,10.079848246339457,0.006371,1.006339,63.33122353486981,10.079855981269692,-3.138789,1.0033585
86,11.604240894317627,63.32952643388063,10.079848246339457,0.0063514999999999995,1.006233,63.33121895120745,10.079855694790796,-3.138798,1.003302
87,12.008376836776733,63.32953101754299,10.079848246339457,0.006332,1.006127,63.33121436754509,10.079855694790796,-3.1387925,1.0032459999999999
88,12.60406494140625,63.32953560120535,10.079848246339457,0.0063285,1.0060245,63.33120978388273,10.079855694790796,-3.138787,1.00319
89,13.000224828720093,63.32954018486771,10.079848246339457,0.006325,1.005922,63.33120520022037,10.079855694790796,-3.138787,1.003136
90,13.603057861328125,63.329544482051176,10.079848246339457,0.0063465,1.005823,63.331200616558,10.079855694790796,-3.138787,1.003082
91,13.99925184249878,63.329548779234635,10.079848246339457,0.006368,1.005724,63.331196319374534,10.079855694790796,-3.1387780000000003,1.0030299999999999
92,14.604017972946167,63.329553362897,10.079848246339457,0.0063715,1.005626,63.33119202219107,10.079855694790796,-3.138769,1.002978
93,14.999366998672485,63.32955794655937,10.079848246339457,0.006375,1.005528,63.331187438528715,10.079855694790796,-3.1387885,1.0029295
94,15.603214979171753,63.32956253022172,10.079848532818355,0.0063985,1.0054345,63.331182854866356,10.079855694790796,-3.138808,1.002881
95,16.00013494491577,63.32956711388408,10.079848819297252,0.006422,1.005341,63.331178271203996,10.079855694790796,-3.138813,1.0028359999999998
96,16.603179931640625,63.32957169754645,10.079848819297252,0.0064069999999999995,1.005251,63.331173687541636,10.079855694790796,-3.138818,1.002791
97,17.00022292137146,63.329576281208816,10.079848819297252,0.006392,1.005161,63.33116939035817,10.079855694790796,-3.1387925,1.002739
98,17.603035926818848,63.32958057839228,10.079848819297252,0.0063365,1.0050759999999999,63.33116509317471,10.079855694790796,-3.138767,1.002687
99,17.9993679523468,63.32958487557574,10.079848819297252,0.006281,1.004991,63.331160509512344,10.079855694790796,-3.1387495000000003,1.0026425
100,18.60307788848877,63.32958945923809,10.079848819297252,0.006251,1.0049085,63.331155925849984,10.079855694790796,-3.138732,1.002598
101,18.99945092201233,63.32959404290045,10.079848819297252,0.006221,1.004826,63.331151342187624,10.079855694790796,-3.1387229999999997,1.0025545
102,19.603287935256958,63.32959862656281,10.079849105776152,0.0062135,1.0047424999999999,63.331146758525264,10.079855694790796,-3.138714,1.002511
103,19.999944925308228,63.32960321022517,10.07984939225505,0.006206,1.004659,63.3311424613418,10.079855694790796,-3.1387355,1.002469
104,20.603315830230713,63.32960779388754,10.07984939225505,0.0062039999999999994,1.004582,63.33113816415834,10.079855694790796,-3.138757,1.002427
105,20.999860048294067,63.32961237754991,10.07984939225505,0.006202,1.004505,63.33113358049597,10.079855408311898,-3.1387955,1.0023870000000001
106,21.60322093963623,63.32961667473337,10.07984939225505,0.0062215,1.004429,63.331128996833606,10.079855121833,-3.138834,1.002347
107,21.99925684928894,63.32962097191683,10.07984939225505,0.006241,1.004353,63.33112441317125,10.079855121833,-3.1388485,1.0023075000000001
108,22.604151010513306,63.329625555579184,10.07984939225505,0.0062664999999999995,1.0042795,63.33111982950889,10.079855121833,-3.138863,1.002268
109,22.99974799156189,63.329630139241544,10.07984939225505,0.006292,1.004206,63.33111524584653,10.079855121833,-3.1388550000000004,1.002231
110,23.60307502746582,63.32963472290391,10.07984939225505,0.00631,1.004135,63.33111066218417,10.079855121833,-3.138847,1.002194
111,23.99926996231079,63.32963930656628,10.07984939225505,0.006328,1.004064,63.33110636500071,10.079855121833,-3.1388215,1.002156
112,24.603044033050537,63.329643603749744,10.079849678733947,0.006304000000000001,1.0039995,63.331102067817234,10.079855121833,-3.138796,1.002118
113,25.000237941741943,63.3296479009332,10.079849965212844,0.00628,1.003935,63.33109748415488,10.079855121833,-3.1387774999999998,1.0020825
114,25.604285955429077,63.329652484595556,10.079849965212844,0.0062745000000000006,1.0038645000000002,63.33109290049252,10.079855121833,-3.138759,1.002047
115,26.000157833099365,63.329657068257916,10.079849965212844,0.006269,1.003794,63.33108831683016,10.079855121833,-3.138753,1.002011
116,26.60310196876526,63.32966165192028,10.079849965212844,0.0062705,1.0037310000000002,63.3310837331678,10.079855121833,-3.138747,1.001975
117,27.000581979751587,63.32966623558265,10.079849965212844,0.006272,1.003668,63.331079435984336,10.079855121833,-3.138738,1.001943
118,27.603174924850464,63.32967081924501,10.079849965212844,0.0062640000000000005,1.0036065,63.33107513880088,10.079855121833,-3.138729,1.001911
119,28.00068497657776,63.32967540290737,10.079849965212844,0.006256,1.003545,63.33107055513851,10.079855121833,-3.1387359999999997,1.0018785000000001
120,28.603184938430786,63.329679700090836,10.079849965212844,0.0062965,1.0034855,63.33106597147614,10.079855121833,-3.138743,1.001846
121,28.999654054641724,63.329683997274294,10.079849965212844,0.006337,1.003426,63.33106138781379,10.079855121833,-3.138772,1.0018155
122,29.603808879852295,63.32968858093665,10.079850251691742,0.006346,1.0033694999999998,63.33105680415143,10.079855121833,-3.138801,1.001785
123,29.999241828918457,63.32969316459901,10.07985053817064,0.006355,1.003313,63.331052506967964,10.079855121833,-3.138792,1.001754
124,30.604413986206055,63.329697748261374,10.07985053817064,0.0063635,1.0032554999999999,63.331048209784505,10.079855121833,-3.138783,1.001723
125,31.00001883506775,63.32970233192374,10.07985053817064,0.006372,1.003198,63.33104362612214,10.079855121833,-3.1387915,1.0016954999999998
126,31.60422396659851,63.32970662910721,10.07985053817064,0.0063655,1.003144,63.33103904245977,10.079855121833,-3.1388,1.001668
127,31.99937391281128,63.329710926290666,10.07985053817064,0.006359,1.00309,63.33103445879742,10.079854835354102,-3.1387764999999996,1.0016405000000002
128,32.60320782661438,63.329715509953026,10.07985053817064,0.0063805,1.003039,63.33102987513506,10.079854548875204,-3.138753,1.001613
129,33.000409841537476,63.329720093615386,10.07985053817064,0.006402,1.002988,63.33102557795159,10.079854548875204,-3.138771,1.0015825
130,33.603251934051514,63.32972467727775,10.079850824649537,0.006406,1.0029365000000001,63.33102128076813,10.079854548875204,-3.138789,1.001552
131,34.00021004676819,63.32972926094011,10.079851111128432,0.00641,1.002885,63.33101669710577,10.079854548875204,-3.1388165,1.0015285
132,34.6031608581543,63.32973384460247,10.079851111128432,0.006398,1.002837,63.3310121134434,10.079854548875204,-3.138844,1.001505
133,35.0217559337616,63.32973842826483,10.079851111128432,0.006386,1.002789,63.33100752978104,10.079854548875204,-3.1382760000000003,0.8617855000000001
134,35.603102922439575,63.3297427254483,10.079851111128432,0.0063765,1.00274,63.33100294611868,10.079854548875204,-3.137708,0.722066
135,36.00025987625122,63.32974702263176,10.079851111128432,0.006367,1.002691,63.330998935414115,10.079854548875204,-3.1229240000000003,0.8455094999999999
136,36.6031219959259,63.32975160629411,10.079851111128432,0.006365,1.002646,63.33099492470955,10.079854548875204,-3.10814,0.968953
137,36.99945902824402,63.32975618995647,10.079851111128432,0.006363,1.002601,63.33099062752609,10.079853975917409,-3.0883805,0.9733544999999999
138,37.603142976760864,63.32976077361884,10.079851111128432,0.00634,1.0025595,63.330986330342625,10.079853402959614,-3.068621,0.977756
139,38.00029683113098,63.329765357281204,10.079851111128432,0.006317,1.002518,63.33098203315916,10.079852543522922,-3.0478065,0.9782599999999999
140,38.60324692726135,63.32976965446467,10.07985139760733,0.006349499999999999,1.0024755,63.330977735975694,10.079851684086227,-3.026992,0.978764
141,38.999871015548706,63.32977395164813,10.079851684086227,0.006382,1.002433,63.330973152313334,10.07985025169174,-3.0060510000000003,0.9855235
142,39.602996826171875,63.32977853531049,10.079851684086227,0.006378999999999999,1.0023909999999998,63.33096856865098,10.079848819297252,-2.98511,0.992283
143,40.00031590461731,63.32978311897285,10.079851684086227,0.006376,1.002349,63.33096427146752,10.079847100423867,-2.967067,0.999133
144,40.603874921798706,63.329787702635215,10.079851684086227,0.0063465,1.0023095,63.330959974284056,10.079845381550482,-2.949024,1.005983
145,40.99930191040039,63.329792286297575,10.079851684086227,0.006317,1.00227,63.33095539062169,10.079843376198198,-2.936087,1.0081980000000001
146,41.60320687294006,63.32979658348104,10.079851684086227,0.0062865,1.0022324999999999,63.33095080695932,10.079841370845916,-2.92315,1.010413
147,41.999398946762085,63.3298008806645,10.079851684086227,0.006256,1.002195,63.330946509775856,10.079839079014736,-2.9145455,1.011125
148,42.60304403305054,63.32980546432686,10.079851970565127,0.006281,1.002161,63.3309422125924,10.079836787183554,-2.905941,1.011837
149,42.99959588050842,63.32981004798922,10.079852257044024,0.006306,1.002127,63.33093791540894,10.079834208873477,-2.9004545,1.011971
150,43.603081941604614,63.32981463165159,10.079852257044024,0.006281999999999999,1.0020885000000002,63.33093361822547,10.0798316305634,-2.894968,1.012105
151,43.99995684623718,63.32981921531395,10.079852257044024,0.006258,1.00205,63.33092903456311,10.079829338732218,-2.8915185,1.0120274999999999
152,44.603052854537964,63.32982351249741,10.079852257044024,0.0062635,1.002016,63.33092445090075,10.079827046901038,-2.888069,1.01195
153,45.00021982192993,63.32982780968087,10.079852257044024,0.006269,1.001982,63.33092015371729,10.07982446859096,-2.8859225000000004,1.0119055
154,45.60317397117615,63.32983239334323,10.079852257044024,0.007103,0.854058,63.33091585653382,10.079821890280883,-2.883776,1.011861
155,46.0003719329834,63.32983697700559,10.079852257044024,0.007937,0.706134,63.330911559350355,10.079819311970805,-2.883032,1.0115794999999999
156,46.60449504852295,63.329840987710156,10.079852543522922,0.0232045,0.8383855,63.33090726216689,10.079816733660726,-2.882288,1.011298
157,46.999977827072144,63.32984499841473,10.079852830001819,0.038472,0.970637,63.33090267850453,10.079814155350647,-2.8824615,1.0111094999999999
158,47.60288405418396,63.32984958207709,10.079853402959614,0.058309,0.974737,63.330898094842176,10.07981157704057,-2.882635,1.010921
159,47.999300956726074,63.32985416573944,10.079853975917409,0.078146,0.978837,63.33089379765872,10.079808998730492,-2.8830195,1.0107404999999998
160,48.60374999046326,63.3298584629229,10.079854835354102,0.098974,0.979306,63.33088950047525,10.079806420420413,-2.883404,1.01056
161,48.999815940856934,63.329862760106366,10.079855694790796,0.119802,0.979775,63.330885203291786,10.079803842110335,-2.8837425000000003,1.0103825
162,49.60305595397949,63.32986705728983,10.079857127185283,0.14069600000000002,0.987109,63.33088090610833,10.079801263800258,-2.884081,1.010205
163,49.99932289123535,63.32987135447329,10.07985855957977,0.16159,0.994443,63.33087632244596,10.079798685490179,-2.8843560000000004,1.010035
164,50.60312604904175,63.32987593813566,10.079860278453156,0.179377,1.000718,63.33087173878359,10.079796107180101,-2.884631,1.009865
165,50.99926996231079,63.329880521798025,10.07986199732654,0.197164,1.006993,63.330867441600134,10.079793528870024,-2.884779,1.0097
166,51.60303592681885,63.32988481898148,10.079864289157722,0.2099145,1.0091350000000001,63.33086314441667,10.079790950559945,-2.884927,1.009535
167,51.99941802024841,63.32988911616495,10.079866580988902,0.222665,1.011277,63.3308588472332,10.079788372249867,-2.885013,1.0093725
168,52.60422992706299,63.329893413348415,10.079868872820082,0.23117700000000002,1.0119475,63.33085455004974,10.07978579393979,-2.885099,1.00921
169,52.99919295310974,63.329897710531874,10.079871164651264,0.239689,1.012618,63.330850252866284,10.07978321562971,-2.8851605,1.0090569999999999
170,53.60315799713135,63.329902294194234,10.079873456482444,0.245124,1.0127264999999999,63.33084595568282,10.079780637319633,-2.885222,1.008904
171,53.999263048172,63.329906877856594,10.079875748313624,0.250559,1.012835,63.33084137202046,10.079778059009556,-2.885237,1.008758
172,54.60313892364502,63.32991117504007,10.079878326623703,0.25394799999999995,1.012799,63.3308367883581,10.079775480699476,-2.885252,1.008612
173,54.99939584732056,63.32991547222353,10.07988090493378,0.257337,1.012763,63.33083249117463,10.079772902389397,-2.8852525,1.0084685
174,55.603052854537964,63.329919769407,10.079883483243858,0.259,1.012559,63.330828193991174,10.07977032407932,-2.885253,1.008325
175,55.999239921569824,63.32992406659046,10.079886061553937,0.260663,1.012355,63.3308238968077,10.079767745769242,-2.885884,1.0081395
176,56.6040518283844,63.32992865025281,10.079888639864015,0.2612215,1.0121525,63.330819599624235,10.079765167459165,-2.886515,1.007954
177,56.9998300075531,63.32993323391517,10.079891218174092,0.26178,1.01195,63.330815015961875,10.079762875627985,-2.888252,1.0078
178,57.60446286201477,63.32993781757753,10.079894082963069,0.26196200000000003,1.0117414999999998,63.330810432299515,10.079760583796803,-2.889989,1.007646
179,58.00257396697998,63.32994240123989,10.079896947752044,0.262144,1.011533,63.33080613511605,10.079758005486724,-2.8916185,1.0075495
180,58.60324501991272,63.32994641194446,10.079899526062121,0.26216300000000003,1.011342,63.33080183793259,10.079755427176647,-2.893248,1.007453
181,59.00022602081299,63.32995042264903,10.0799021043722,0.262182,1.011151,63.33079754074913,10.079752848866569,-2.8944729999999996,1.007345
182,59.603055000305176,63.329955006311394,10.07990468268228,0.2621825,1.0109645,63.330793243565665,10.07975027055649,-2.895698,1.007237
183,59.99991989135742,63.329959589973754,10.079907260992357,0.262183,1.010778,63.3307889463822,10.079747978725308,-2.896553,1.007126
184,60.60303092002869,63.32996388715722,10.079909839302434,0.262174,1.010602,63.33078464919874,10.079745686894128,-2.897408,1.007015
185,61.00017690658569,63.32996818434068,10.079912417612514,0.262165,1.010426,63.33078006553637,10.07974310858405,-2.89795,1.0068994999999998
186,61.603188037872314,63.32997248152414,10.079914995922591,0.2621605,1.0102495,63.330775481874014,10.079740530273973,-2.898492,1.006784
187,61.99990701675415,63.329976778707604,10.079917574232669,0.262156,1.010073,63.33077118469055,10.079738238442793,-2.8988125,1.006673
188,62.604174852371216,63.32998136236996,10.079920152542748,0.2621785,1.0099040000000001,63.33076688750709,10.079735946611612,-2.899133,1.006562
189,63.0002338886261,63.32998594603232,10.079922730852825,0.262201,1.009735,63.33076259032362,10.079733368301532,-2.8993575,1.006449
190,63.603188037872314,63.32999024321579,10.079925309162903,0.2621915,1.0095715,63.33075829314016,10.079730789991455,-2.899582,1.006336
191,63.999757051467896,63.32999454039925,10.079927887472982,0.262182,1.009408,63.330753709477804,10.079728498160275,-2.8997105000000003,1.006233
192,64.60434293746948,63.32999883758271,10.07993046578306,0.2621775,1.0092500000000002,63.330749125815444,10.079726206329095,-2.899839,1.00613
193,64.99942994117737,63.33000313476617,10.079933044093137,0.262173,1.009092,63.33074482863198,10.079723914497915,-2.900181,1.005681
194,65.60373997688293,63.33000743194964,10.079935622403216,0.261718,1.0089075,63.33074053144852,10.079721622666733,-2.900523,1.005232
195,65.99938082695007,63.33001172913311,10.079938200713293,0.261263,1.008723,63.33073623426506,10.079719044356656,-2.9021805,1.005413
196,66.60857701301575,63.33001631279547,10.07994077902337,0.25981600000000005,1.008568,63.330731937081595,10.079716466046579,-2.903838,1.005594
197,66.99909782409668,63.33002089645783,10.07994335733345,0.258369,1.008413,63.33072735341923,10.079714174215397,-2.9055095,1.0055375
198,67.60324096679688,63.33002519364129,10.079945935643527,0.257025,1.0082875,63.33072276975686,10.079711882384217,-2.907181,1.005481
199,67.99925494194031,63.33002949082476,10.079948513953605,0.255681,1.008162,63.330718472573395,10.079709590553037,-2.9084835,1.005409
200,68.60320997238159,63.33003378800822,10.079951092263684,0.2546345,1.0080390000000001,63.330714175389936,10.079707298721857,-2.909786,1.005337
201,68.99964690208435,63.33003808519168,10.079953670573762,0.253588,1.007916,63.33070987820648,10.079705006890675,-2.9107190000000003,1.005256
202,69.60311484336853,63.33004238237514,10.079956248883839,0.252849,1.007787,63.33070558102301,10.079702715059494,-2.911652,1.005175
203,69.99918794631958,63.330046679558606,10.079958827193918,0.25211,1.007658,63.330701283839545,10.079700423228314,-2.9122760000000003,1.005094
204,70.60327100753784,63.33005126322097,10.079961405503997,0.25162450000000003,1.007533,63.330696986656086,10.079698131397134,-2.9129,1.005013
205,70.99938201904297,63.33005584688334,10.079963983814075,0.251139,1.007408,63.330692402993726,10.079695839565954,-2.913291,1.0049315
206,71.60437393188477,63.330060144066806,10.079966275645255,0.25084249999999997,1.0072865000000002,63.33068781933137,10.079693547734772,-2.913682,1.00485
207,71.99944496154785,63.330064441250265,10.079968567476435,0.250546,1.007165,63.33068352214789,10.079691255903592,-2.913885,1.0047679999999999
208,72.6039469242096,63.33006845195483,10.079971145786512,0.248413,0.8718635000000001,63.33067922496443,10.079688964072412,-2.914088,1.004686
209,73.00019001960754,63.330072462659395,10.079973724096591,0.24628,0.736562,63.33067492778096,10.07968667224123,-2.9142285,1.004608
210,73.60305786132812,63.330076759842854,10.079975729448874,0.229856,0.8576345000000001,63.3306706305975,10.07968438041005,-2.914369,1.00453
211,73.99925184249878,63.33008105702632,10.079977734801156,0.213432,0.978707,63.33066604693514,10.079682375057768,-2.9144375,1.0044545
212,74.60323882102966,63.330085354209785,10.07997974015344,0.1933995,0.9809924999999999,63.33066146327278,10.079680369705486,-2.914506,1.004379
213,75.00024485588074,63.330089651393244,10.079981745505723,0.173367,0.983278,63.330657166089324,10.079678077874306,-2.9145805,1.004109
214,75.60383296012878,63.33009394857671,10.07998317790021,0.152511,0.9836229999999999,63.33065286890586,10.079675786043124,-2.914655,1.003839
215,75.99935293197632,63.330098245760176,10.079984610294698,0.131655,0.983968,63.33064857172239,10.079673494211942,-2.9161955,1.003847
216,76.6042890548706,63.33010282942253,10.079985756210288,0.1106365,0.9880385,63.33064427453893,10.079671202380762,-2.917736,1.003855
217,76.99992489814758,63.33010741308489,10.07998690212588,0.089618,0.992109,63.330639690876566,10.079668910549582,-2.9197175,1.0038464999999999
218,77.6038670539856,63.330111710268355,10.079987475083675,0.070775,1.000429,63.330635107214206,10.0796666187184,-2.921699,1.003838
219,78.00023889541626,63.330116007451814,10.07998804804147,0.051932,1.008749,63.33063081003074,10.079664613366118,-2.9233979999999997,1.0038125
220,78.60321497917175,63.33012059111418,10.079988620999265,0.0380645,1.0114014999999998,63.33062651284728,10.079662608013836,-2.925097,1.003787
221,79.00026082992554,63.33012517477655,10.07998919395706,0.024197,1.014054,63.33062221566382,10.079660316182654,-2.9262935,1.0037395
222,79.60317301750183,63.3301297584389,10.07998919395706,0.0148,1.01486,63.33061791848036,10.079658024351474,-2.92749,1.003692
223,79.99940991401672,63.33013434210126,10.07998919395706,0.005403,1.015666,63.330613334818,10.079656018999192,-2.928297,1.0036385
224,80.60406804084778,63.33013892576363,10.07998919395706,-0.0007035000000000001,1.015799,63.33060875115564,10.079654013646909,-2.929104,1.003585
225,81.00023984909058,63.330143509425994,10.07998919395706,-0.00681,1.015932,63.33060445397217,10.079651721815729,-2.9295885000000004,1.0122425
226,81.60324096679688,63.330148093088354,10.07998919395706,-0.010745000000000001,1.015834,63.33060015678871,10.079649429984547,-2.930073,1.0209
227,82.00026988983154,63.33015267675071,10.07998919395706,-0.01468,1.015736,63.33059614608415,10.07964771111116,-2.940625,0.9951745
228,82.6039309501648,63.33015726041307,10.079988907478162,-0.017148,1.0155379999999998,63.330592135379575,10.079645992237776,-2.951177,0.969449
229,82.99999189376831,63.33016184407543,10.079988620999265,-0.019616,1.01534,63.33058783819611,10.07964427336439,-2.970262,0.9688565
230,83.60329389572144,63.330166427737794,10.079988334520367,-0.021146,1.015107,63.33058354101265,10.079642554491006,-2.989347,0.968264
231,83.99991393089294,63.33017101140016,10.07998804804147,-0.022676,1.014874,63.33057924382919,10.079641408575416,-3.0100499999999997,0.9690215
232,84.60306787490845,63.330175595062514,10.07998804804147,-0.023636,1.0146315000000001,63.330574946645726,10.079640262659824,-3.030753,0.969779
233,85.0001928806305,63.33018017872487,10.07998804804147,-0.024596,1.014389,63.33057064946226,10.079639403223133,-3.0518175,0.9703854999999999
234,85.60312294960022,63.33018447590834,10.079987761562572,-0.0251935,1.0141515,63.33056635227879,10.07963854378644,-3.072882,0.970992
235,86.00030183792114,63.3301887730918,10.079987475083675,-0.025791,1.013914,63.33056234157422,10.079637970828646,-3.0789239999999998,0.9995605000000001
236,86.6043689250946,63.330193356754165,10.079987188604777,-0.0261725,1.0136835,63.330558330869664,10.07963739787085,-3.084966,1.028129
237,86.99922204017639,63.33019794041653,10.07998690212588,-0.026554,1.013453,63.330553747207304,10.079636538434157,-3.0697910000000004,1.0073370000000001
238,87.60410904884338,63.330202524078885,10.079986615646982,-0.026809,1.013228,63.33054916354494,10.079635678997464,-3.054616,0.986545
239,88.00022888183594,63.330207107741245,10.079986329168085,-0.027064,1.013003,63.33054486636148,10.079634819560772,-3.0381270000000002,0.9925835000000001
240,88.60303497314453,63.330211691403605,10.079986042689187,-0.027211,1.0127825000000001,63.33054056917801,10.07963396012408,-3.021638,0.998622
241,89.00034284591675,63.330216275065965,10.07998575621029,-0.027358,1.012562,63.33053598551565,10.07963252772959,-3.0089230000000002,1.0010155
242,89.60324287414551,63.330220858728325,10.079985469731392,-0.0274125,1.012352,63.33053140185329,10.079631095335102,-2.996208,1.003409
243,90.00006103515625,63.33022544239069,10.079985183252495,-0.027467,1.012142,63.33052710466983,10.079629662940615,-2.987417,1.0042705
244,90.6042869091034,63.33023002605305,10.079984896773595,-0.027479,1.011937,63.33052280748637,10.079628230546128,-2.978626,1.005132
245,91.00003004074097,63.33023460971541,10.079984610294698,-0.027491,1.011732,63.330518223824,10.079626511672743,-2.972862,1.005447
246,91.60372400283813,63.33023890689887,10.0799843238158,-0.02753,1.0115355,63.33051364016164,10.079624792799356,-2.967098,1.005762
247,92.00056099891663,63.330243204082336,10.079984037336903,-0.027569,1.011339,63.330509342978175,10.079623073925971,-2.9634505,1.005804
248,92.60297298431396,63.3302477877447,10.079983750858005,-0.027607,1.0111474999999999,63.33050504579471,10.079621355052586,-2.959803,1.005846
249,93.00038599967957,63.33025237140707,10.079983464379108,-0.027645,1.010956,63.33050046213235,10.079619349700303,-2.95753,1.0057985
250,93.60321593284607,63.33025695506943,10.07998317790021,-0.027679000000000002,1.010773,63.330495878469996,10.079617344348021,-2.955257,1.005751
251,93.99924802780151,63.33026153873178,10.079982891421313,-0.027713,1.01059,63.33049158128654,10.079615625474634,-2.953838,1.005677
252,94.60309600830078,63.33026612239414,10.079982604942415,-0.0277455,1.010412,63.33048728410307,10.07961390660125,-2.952419,1.005603
253,94.99927687644958,63.3302707060565,10.07998231846352,-0.027778,1.010234,63.330482986919606,10.079611901248967,-2.9519485,1.0054910000000001
254,95.60392093658447,63.33027500323996,10.07998203198462,-0.021978,1.0040865,63.33047868973615,10.079609895896683,-2.951478,1.005379
255,95.99927186965942,63.33027930042343,10.079981745505723,-0.016178,0.997939,63.33047410607378,10.079608177023298,-2.9524454999999996,1.0052824999999999
256,96.60394382476807,63.33028359760689,10.079981745505723,0.0017399999999999985,0.9873405,63.33046952241141,10.079606458149913,-2.953413,1.005186
257,96.99945187568665,63.33028789479035,10.079981745505723,0.019658,0.976742,63.330465225227954,10.079604452797629,-2.9546055,1.0051169999999998
258,97.60400199890137,63.330292191973825,10.079982318463518,0.0400605,0.97672,63.33046092804449,10.079602447445346,-2.955798,1.005048
259,98.00016903877258,63.33029648915729,10.079982891421313,0.060463,0.976698,63.33045634438213,10.079600728571961,-2.9567465000000004,1.0049715
260,98.60330986976624,63.33030078634076,10.079983464379108,0.0814305,0.9771559999999999,63.33045176071977,10.079599009698576,-2.957695,1.004895
261,98.99924993515015,63.330305083524216,10.079984037336903,0.102398,0.977614,63.3304474635363,10.079597004346294,-2.9583760000000003,1.0048215
262,99.60312986373901,63.330309667186576,10.07998546973139,0.12262200000000001,0.9883934999999999,63.33044316635284,10.07959499899401,-2.959057,1.004748
263,100.00020003318787,63.330314250848936,10.07998690212588,0.142846,0.999173,63.330438582690476,10.079593280120624,-2.959476,1.004671
264,100.60303497314453,63.330318548032395,10.079988334520367,0.1586665,1.0032505,63.330433999028116,10.07959156124724,-2.959895,1.004594
265,101.00032305717468,63.33032284521586,10.079989766914855,0.174487,1.007328,63.33042970184465,10.079589842373853,-2.960185,1.004516
266,101.60324788093567,63.33032742887822,10.079991772267137,0.18543300000000001,1.0087675,63.33042540466119,10.079588123500468,-2.960475,1.004438
267,101.99944186210632,63.33033201254059,10.07999377761942,0.196379,1.010207,63.33042082099883,10.079586118148185,-2.9606510000000004,1.0043635
268,102.60422992706299,63.33033630972405,10.079995782971704,0.20351,1.010629,63.33041623733647,10.079584112795903,-2.960827,1.004289
269,103.00053095817566,63.33034060690752,10.079997788323988,0.210641,1.011051,63.33041194015301,10.079582393922518,-2.9609035,1.0042155
270,103.60392999649048,63.33034519056987,10.07999979367627,0.215116,1.0110795,63.33040764296955,10.079580675049133,-2.96098,1.004142
271,103.99940490722656,63.33034977423223,10.080001799028553,0.219591,1.011108,63.33040305930718,10.079578956175748,-2.9610575,1.004073
272,104.6043438911438,63.3303540714157,10.080004090859735,0.22238449999999998,1.0110035,63.33039847564481,10.079577237302361,-2.961135,1.004004
273,105.00060105323792,63.33035836859916,10.080006382690915,0.225178,1.010899,63.33039417846135,10.079575231950077,-2.961374,1.002989
274,105.6037118434906,63.330362952261524,10.080008674522094,0.226775,1.0106445,63.33038988127789,10.079573226597795,-2.961613,1.001974
275,106.00017595291138,63.33036753592389,10.080010966353274,0.228372,1.01039,63.330385297615535,10.07957150772441,-2.9637665,1.002722
276,106.60324788093567,63.33037183310735,10.080013258184454,0.22847800000000001,1.0103309999999999,63.330380713953176,10.079569788851025,-2.96592,1.00347
277,107.0001928806305,63.330376130290816,10.080015550015636,0.228584,1.010272,63.33037641676971,10.07956806997764,-2.968311,1.0035085000000001
278,107.60296392440796,63.33038042747428,10.080017841846816,0.22819,1.010102,63.33037211958625,10.079566351104253,-2.970702,1.003547
279,107.99925494194031,63.33038472465774,10.080020133677996,0.227796,1.009932,63.330367535923884,10.079564632230868,-2.9731050000000003,0.870582
280,108.60312795639038,63.3303893083201,10.080022425509178,0.2274065,1.009768,63.33036295226152,10.079562913357483,-2.975508,0.737617
281,108.99992990493774,63.33039389198246,10.08002471734036,0.227017,1.009604,63.33035894155695,10.079561767441891,-2.9908349999999997,0.8545745
282,109.6039879322052,63.33039818916592,10.08002700917154,0.2266735,1.009444,63.33035493085239,10.079560621526301,-3.006162,0.971532
283,109.9995288848877,63.330402486349385,10.08002930100272,0.22633,1.009284,63.33035063366892,10.079559475610711,-3.0260325,0.975545
284,110.60315084457397,63.330407070011745,10.080031592833901,0.2260795,1.00913,63.330346336485455,10.079558329695121,-3.045903,0.979558
285,111.0005829334259,63.33041165367411,10.080033884665081,0.225829,1.008976,63.330342039301996,10.079557470258429,-3.0667359999999997,0.9800175
286,111.6043848991394,63.33041595085757,10.080035890017363,0.225687,1.0088240000000002,63.33033774211853,10.079556610821736,-3.087569,0.980477
287,111.9999098777771,63.33042024804104,10.080037895369646,0.225545,1.008672,63.33033315845617,10.079556324342839,-3.108619,0.9810675
288,112.60366487503052,63.3304248317034,10.080040187200826,0.2252225,0.9925930000000001,63.33032857479382,10.079556037863941,-3.129669,0.981658
289,113.00054287910461,63.33042941536576,10.080042479032008,0.2249,0.976514,63.33032427761036,10.079556037863941,-0.008025499999999575,0.9923905
290,113.6031289100647,63.33043313959143,10.08004448438429,0.21123,0.972763,63.33031998042689,10.079556037863941,3.113618,1.003123
291,114.00016188621521,63.3304368638171,10.080046489736572,0.19756,0.969012,63.330315396764526,10.079556610821736,3.0982435,1.0068225
292,114.60303997993469,63.330441161000564,10.08004820860996,0.177982,0.9724535,63.33031081310216,10.079557183779531,3.082869,1.010522
293,114.99935698509216,63.33044545818402,10.080049927483344,0.158404,0.975895,63.3303062294398,10.079557756737326,3.0722415,1.0117525
294,115.60311794281006,63.33045004184638,10.080051359877832,0.1376235,0.976447,63.33030164577744,10.079558329695121,3.061614,1.012983
295,116.00003790855408,63.33045462550874,10.080052792272319,0.116843,0.976999,63.33029734859397,10.079559189131814,3.0546085,1.0132919999999999
296,116.60317587852478,63.3304589226922,10.080053651709012,0.0957905,0.9775715,63.330293051410514,10.079560048568506,3.047603,1.013601
297,116.99928998947144,63.33046321987567,10.080054511145706,0.074738,0.978144,63.33028846774816,10.079561194484096,3.043116,1.0135969999999999
298,117.60306000709534,63.330467517059134,10.0800550841035,0.0547315,0.9892095000000001,63.3302838840858,10.079562340399688,3.038629,1.013593
299,117.9993748664856,63.33047181424259,10.080055657061296,0.034725,1.000275,63.330279300423435,10.07956319983638,3.0357719999999997,1.0134505
300,118.60307192802429,63.33047639790496,10.080055943540193,0.0192905,1.0040825,63.33027471676107,10.079564059273073,3.032915,1.013308
301,118.99954605102539,63.33048098156732,10.08005623001909,0.003856,1.00789,63.33027013309871,10.079565205188663,3.0311165,1.013114
302,119.60305690765381,63.33048556522968,10.080055943540193,-0.0068344999999999986,1.0091645,63.330265549436355,10.079566351104253,3.029318,1.01292
303,119.9992778301239,63.33049014889204,10.080055657061296,-0.017525,1.010439,63.33026096577399,10.079567497019845,3.028177,1.012715
304,120.60324192047119,63.3304947325544,10.080055370582398,-0.0245685,1.0108215,63.33025638211162,10.079568642935435,3.027036,1.01251
305,121.00051283836365,63.33049931621676,10.0800550841035,-0.031612,1.011204,63.33025208492816,10.079569788851025,3.0263229999999997,1.0123045
306,121.60431599617004,63.330503613400225,10.080054797624603,-0.036124,1.0112269999999999,63.330247787744696,10.079570934766613,3.02561,1.012099
307,121.99925684928894,63.3305079105837,10.080054511145706,-0.040636,1.01125,63.330243204082336,10.079572080682205,3.0251605,1.011901
308,122.60391998291016,63.33051249424605,10.080054224666807,-0.0435,1.0111485,63.330238620419976,10.079573226597795,3.024711,1.011703
309,122.99973392486572,63.33051707790841,10.080053938187909,-0.046364,1.011047,63.330234036757616,10.079574658992282,3.0244315,1.0115075
310,123.60323190689087,63.33052166157077,10.080053365230114,-0.048175499999999996,1.0108985000000001,63.330229453095264,10.07957609138677,3.024152,1.011312
311,124.0001528263092,63.33052624523313,10.080052792272319,-0.049987,1.01075,63.3302248694329,10.07957723730236,3.023984,1.0111215
312,124.60353994369507,63.33053082889549,10.080052219314524,-0.051119,1.0105835,63.33022028577053,10.079578383217951,3.023816,1.010931
313,124.99986791610718,63.33053541255786,10.08005164635673,-0.052251,1.010417,63.33021598858707,10.079579529133543,3.0237265,1.0107465
314,125.60313296318054,63.33053999622022,10.080051073398934,-0.0529125,1.0102484999999999,63.330211691403605,10.079580675049133,3.023637,1.010562
315,125.99938201904297,63.33054457988258,10.08005050044114,-0.053574,1.01008,63.330207107741245,10.079581820964723,3.0235655,1.0103855
316,126.60360097885132,63.330548877066036,10.080049927483344,-0.053994,1.009912,63.33020252407889,10.079582966880311,3.023494,1.010209
317,126.99993395805359,63.3305531742495,10.08004935452555,-0.054414,1.009744,63.330197940416525,10.079584112795903,3.0234414999999997,1.010037
318,127.6031768321991,63.33055775791187,10.080048781567754,-0.054682999999999995,1.0095800000000001,63.33019335675416,10.079585258711493,3.023389,1.009865
319,127.99996304512024,63.330562341574236,10.080048208609957,-0.054952,1.009416,63.3301890595707,10.079586404627083,3.023332,1.0096995
320,128.60309505462646,63.330566925236596,10.08004792213106,-0.055139,1.0092575,63.33018476238723,10.079587550542673,3.023275,1.009534
321,128.99936699867249,63.33057150889895,10.080047635652162,-0.055326,1.009099,63.33018017872487,10.079588696458263,3.023276,1.009375
322,129.60307097434998,63.33057609256131,10.080047062694367,-0.05544,1.0089465,63.330175595062514,10.079589842373855,3.023277,1.009216
323,129.9994740486145,63.33058067622367,10.080046489736572,-0.055554,1.008794,63.330171011400154,10.079591274768342,3.0232625000000004,1.0090625
324,130.60369396209717,63.330585259886035,10.08004591677878,-0.0556145,1.0086475,63.33016642773779,10.07959270716283,3.023248,1.008909
325,131.00022196769714,63.330589843548395,10.080045343820984,-0.055675,1.008501,63.33016213055433,10.07959385307842,3.02325,1.0087595
326,131.603040933609,63.33059414073186,10.08004477086319,-0.0556995,1.0083575,63.33015783337086,10.07959499899401,3.023252,1.00861
327,131.99925088882446,63.33059843791532,10.080044197905393,-0.055724,1.008214,63.3301532497085,10.0795961449096,3.0232615,1.0084645
328,132.60313391685486,63.33060302157768,10.080043624947598,-0.055717,1.0080749999999998,63.33014866604614,10.07959729082519,3.023271,1.008319
329,132.99928188323975,63.33060760524004,10.080043051989803,-0.05571,1.007936,63.33014408238378,10.079598436740781,3.023284,1.0081795
330,133.6030650138855,63.33061218890241,10.080042479032006,-0.055741,1.0078019999999999,63.33013949872143,10.079599582656371,3.023297,1.00804
331,133.9999599456787,63.33061677256477,10.08004190607421,-0.055772,1.007668,63.330135201537956,10.079600728571961,3.0232965,1.0079025000000001
332,134.604150056839,63.33062135622713,10.080041333116416,-0.055775500000000006,1.007541,63.33013090435449,10.079601874487553,3.023296,1.007765
333,135.00023293495178,63.33062593988949,10.080040760158623,-0.055779,1.007414,63.33012632069213,10.079603020403141,3.023287,1.007637
334,135.6030969619751,63.33063023707295,10.080040187200828,-0.055793,1.0072885,63.33012173702977,10.079604166318731,3.023278,1.007509
335,135.9992618560791,63.33063453425641,10.080039614243033,-0.055807,1.007163,63.33011715336741,10.079605312234321,3.023277,1.007382
336,136.60311698913574,63.33063911791877,10.080039041285236,-0.0558195,1.0070435,63.33011256970505,10.079606458149913,3.023276,1.007255
337,136.9993028640747,63.33064370158113,10.08003846832744,-0.055832,1.006924,63.330108272521585,10.0796078905444,3.0232710000000003,1.0071335000000001
338,137.60332083702087,63.3306482852435,10.080037895369646,-0.0558185,1.006807,63.330103975338126,10.079609322938888,3.023266,1.007012
339,137.99950504302979,63.33065286890586,10.080037322411851,-0.055805,1.00669,63.33009939167576,10.07961046885448,3.023268,1.0068964999999999
340,138.60318803787231,63.33065745256822,10.080036749454056,-0.0557855,1.0065765,63.3300948080134,10.07961161477007,3.02327,1.006781
341,139.00003695487976,63.33066203623058,10.08003617649626,-0.055766,1.006463,63.33009022435104,10.07961276068566,3.0232665,1.0066655
342,139.6040380001068,63.330666333414044,10.080035603538466,-0.0557725,1.0063535,63.33008564068868,10.07961390660125,3.023263,1.00655
343,139.99935483932495,63.3306706305975,10.080035030580671,-0.055779,1.006244,63.33008134350521,10.07961505251684,3.0232355,1.0064410000000001
344,140.60330486297607,63.33067521425987,10.080034457622876,-0.055775000000000005,1.0061404999999999,63.330077046321755,10.07961619843243,3.023208,1.006332
345,140.99980282783508,63.33067979792224,10.080033884665081,-0.055771,1.006037,63.33007246265939,10.07961734434802,3.023195,1.0062265
346,141.6040289402008,63.33068438158459,10.080033311707286,-0.055788000000000004,1.0059355,63.33006787899703,10.07961849026361,3.023182,1.006121
347,142.00003695487976,63.33068896524695,10.08003273874949,-0.055805,1.005834,63.33006329533467,10.0796196361792,3.0231885,1.006016
348,142.60304594039917,63.330693262430415,10.080032165791694,-0.055826,1.0057355,63.33005871167231,10.079620782094791,3.023195,1.005911
349,142.99946403503418,63.330697559613874,10.0800315928339,-0.055847,1.005637,63.33005441448884,10.079621928010381,3.023198,1.0058129999999998
350,143.6040699481964,63.33070214327624,10.080031019876104,-0.055858500000000005,1.0055424999999998,63.33005011730538,10.079623073925971,3.023201,1.005715
351,143.99931287765503,63.33070672693861,10.08003044691831,-0.05587,1.005448,63.33004553364302,10.07962450632046,3.023201,1.0056180000000001
352,144.60423398017883,63.33071131060096,10.080029873960514,-0.0558515,1.0053565,63.33004094998066,10.079625938714948,3.023201,1.005521
353,144.99928092956543,63.33071589426332,10.08002930100272,-0.055833,1.005265,63.330036366318296,10.079627084630538,3.0232055,1.005429
354,145.6031529903412,63.33072047792568,10.080028728044924,-0.0558395,1.0051765000000001,63.33003178265594,10.079628230546128,3.02321,1.005337
355,145.99924182891846,63.33072506158804,10.08002815508713,-0.055846,1.005088,63.33002748547247,10.079629376461718,3.02323,1.0052474999999998
356,146.60321688652039,63.33072935877151,10.080027582129333,-0.055845,1.0050025,63.33002318828901,10.079630522377307,3.02325,1.005158
357,147.00001096725464,63.330733655954965,10.080027009171538,-0.055844,1.004917,63.33001860462665,10.079631668292897,3.023289,1.0050705
358,147.60305786132812,63.33073823961733,10.080026436213743,-0.055853,1.0048300000000001,63.33001402096429,10.07963281420849,3.023328,1.004983
359,147.99924492835999,63.3307428232797,10.080025863255948,-0.055862,1.004743,63.33000972378083,10.07963396012408,3.0233235,1.0049299999999999
360,148.60306692123413,63.33074740694205,10.080025290298153,-0.055883,1.0046665,63.33000542659737,10.07963510603967,3.023319,1.004877
361,148.9993999004364,63.33075199060441,10.08002471734036,-0.055904,1.00459,63.330000842935,10.07963625195526,3.0233225,1.0047665000000001
362,149.60314989089966,63.33075628778788,10.08002443086146,-0.0558945,1.0045155000000001,63.32999625927263,10.07963739787085,3.023326,1.004656
363,149.9992458820343,63.33076058497134,10.080024144382563,-0.055885,1.004441,63.32999167561027,10.079638543786439,3.0233045,1.0045760000000001
364,150.60398387908936,63.330765168633704,10.080023571424768,-0.055881,1.0043644999999999,63.32998709194792,10.079639689702029,3.023283,1.004496
365,151.00328993797302,63.33076975229607,10.080022998466973,-0.055877,1.004288,63.32998279476446,10.07964083561762,3.023314,1.004421
366,151.60377287864685,63.330774335958424,10.080022425509178,-0.0558825,1.0042145,63.329978497580996,10.07964198153321,3.023345,1.004346
367,152.00691103935242,63.33077891962078,10.080021852551383,-0.055888,1.004141,63.32997391391863,10.079643413927698,3.02337,1.0042710000000001
368,152.60342502593994,63.33078350328314,10.080021279593588,-0.055903,1.004073,63.32996933025626,10.079644846322186,3.023395,1.004196
369,152.99924993515015,63.3307880869455,10.080020706635791,-0.055918,1.004005,63.3299647465939,10.079645992237776,3.023403,1.0041265
370,153.60284996032715,63.33079238412897,10.080020133677998,-0.055913000000000004,1.0039365,63.32996016293155,10.079647138153367,3.023411,1.004057
371,154.00025391578674,63.33079668131244,10.080019560720203,-0.055908,1.003868,63.32995586574808,10.079648284068957,3.023397,1.0039894999999999
372,154.60312700271606,63.3308012649748,10.080018987762408,-0.055890999999999996,1.0038035,63.32995156856462,10.079649429984547,3.023383,1.003922
373,154.9996349811554,63.33080584863716,10.080018414804613,-0.055874,1.003739,63.32994698490225,10.079650575900137,3.0233790000000003,1.0038525
374,155.60309505462646,63.330810432299515,10.080017841846818,-0.0558565,1.0036765,63.32994240123989,10.079651721815727,3.023375,1.003783
375,155.99975299835205,63.330815015961875,10.080017268889021,-0.055839,1.003614,63.329938104056424,10.079652867731319,3.0233195000000004,1.003723
376,156.60323691368103,63.33081931314534,10.080016695931226,-0.05581,1.0035530000000001,63.329933806872965,10.079654013646909,3.023264,1.003663
377,157.00018286705017,63.3308236103288,10.080016122973431,-0.055781,1.003492,63.329929223210605,10.079655159562499,3.0232330000000003,1.0036019999999999
378,157.6028928756714,63.33082819399117,10.080015550015634,-0.055745,1.0034334999999999,63.329924639548246,10.079656305478089,3.023202,1.003541
379,158.00012683868408,63.330832777653534,10.08001497705784,-0.055709,1.003375,63.32992005588589,10.079657451393679,3.023222,1.0034809999999998
380,158.60329294204712,63.330837361315886,10.080014404100044,-0.055711,1.0033189999999998,63.32991547222353,10.07965859730927,3.023242,1.003421
381,158.9995539188385,63.330841944978246,10.080013831142251,-0.055713,1.003263,63.32991117504007,10.079659743224859,3.0232495000000004,1.0033629999999998
382,159.6032588481903,63.33084624216171,10.080013258184456,-0.0557135,1.003205,63.329906877856594,10.079660889140449,3.023257,1.003305
383,159.99924302101135,63.33085053934518,10.080012685226661,-0.055714,1.003147,63.329902294194234,10.079662321534936,3.023241,1.00325
384,160.60399889945984,63.33085512300754,10.080012112268864,-0.055717,1.0030955000000001,63.329897710531874,10.079663753929426,3.023225,1.003195
385,160.99941301345825,63.330859706669905,10.08001153931107,-0.05572,1.003044,63.329893413348415,10.079664899845016,3.0231965,1.0031415
386,161.60412287712097,63.330864290332265,10.080010966353274,-0.0557145,1.0029945,63.32988911616495,10.079666045760606,3.023168,1.003088
387,162.00050592422485,63.330868873994625,10.08001039339548,-0.055709,1.002945,63.32988453250259,10.079667191676197,3.0231775,1.003036
388,162.6032109260559,63.330873171178084,10.080009820437684,-0.055682499999999996,1.002893,63.32987994884023,10.079668337591787,3.023187,1.002984
389,162.99930095672607,63.33087746836155,10.08000924747989,-0.055656,1.002841,63.32987536517787,10.079669483507377,3.023199,1.0029345
390,163.60321593284607,63.33088205202391,10.080008674522094,-0.0556645,1.0027955,63.3298707815155,10.079670629422967,3.023211,1.002885
391,163.9993929862976,63.33088663568626,10.0800081015643,-0.055673,1.00275,63.329866484332044,10.079671775338557,3.023198,1.002836
392,164.60298991203308,63.33089121934863,10.080007528606505,-0.0557225,1.002703,63.32986218714858,10.079672921254147,3.023185,1.002787
393,164.99938488006592,63.330895803010996,10.08000695564871,-0.055772,1.002656,63.32985760348622,10.079674067169737,3.023188,1.0027415
394,165.60319185256958,63.330900100194455,10.080006382690915,-0.0557845,1.0026115,63.32985301982386,10.079675213085329,3.023191,1.002696
395,165.99993801116943,63.33090439737792,10.080005809733118,-0.055797,1.002567,63.32984872264039,10.079676359000919,3.023212,1.00265
396,166.60441303253174,63.33090898104028,10.080005236775323,-0.055792,1.002524,63.32984442545693,10.079677504916509,3.023233,1.002604
397,167.0002748966217,63.33091356470264,10.080004663817528,-0.055787,1.002481,63.329839841794566,10.0796786508321,3.0232419999999998,1.0025620000000002
398,167.60306000709534,63.330918148365,10.080004090859735,-0.055785,1.00244,63.329835258132206,10.07967979674769,3.023251,1.00252
399,168.0002429485321,63.33092273202737,10.08000351790194,-0.055783,1.002399,63.32983067446985,10.079681229142178,3.023247,1.0024745
400,168.603257894516,63.33092702921083,10.080002944944145,-0.05577,1.002359,63.32982609080749,10.079682661536664,3.023243,1.002429
401,169.00028204917908,63.33093132639429,10.080002371986348,-0.055757,1.002319,63.32982179362402,10.079683807452255,3.0232465,1.0023895
402,169.6030888557434,63.33093591005665,10.08000208550745,-0.0557565,1.0022799999999998,63.32981749644056,10.079684953367845,3.02325,1.00235
403,169.99941492080688,63.33094049371901,10.080001799028553,-0.055756,1.002241,63.329812912778195,10.079686099283435,3.0232345,1.0023115
404,170.60306596755981,63.33094507738137,10.080001226070758,-0.055769,1.002201,63.32980832911583,10.079687245199025,3.023219,1.002273
405,170.9993028640747,63.33094966104374,10.080000653112963,-0.055782,1.002161,63.32980403193237,10.079688391114615,3.0232270000000003,1.0022345000000001
406,171.60307598114014,63.3309539582272,10.080000080155166,-0.055773,1.0021245,63.3297997347489,10.079689537030207,3.023235,1.002196
407,172.00032997131348,63.330958255410664,10.079999507197371,-0.055764,1.002088,63.32979515108654,10.079690682945797,3.0232245,1.002158
408,172.60434484481812,63.330962839073024,10.079998934239576,-0.0557685,1.002054,63.32979056742419,10.079691828861387,3.023214,1.00212
409,172.99929094314575,63.330967422735384,10.079998361281783,-0.055773,1.00202,63.329786270240724,10.079692974776977,3.023218,1.0020845
410,173.60318899154663,63.330972006397744,10.079997788323988,-0.0557935,1.001987,63.32978197305726,10.079694120692567,3.023222,1.002049
411,173.99935793876648,63.330976590060104,10.079997215366193,-0.055814,1.001954,63.32977738939489,10.079695266608159,3.02324,1.002016
412,174.6034848690033,63.33098088724357,10.079996642408396,-0.055791,1.0019225,63.32977280573253,10.079696412523749,3.023258,1.001983
413,175.00067687034607,63.33098518442704,10.079996069450601,-0.055768,1.001891,63.32976822207017,10.079697558439339,3.023268,1.001948
414,175.6030900478363,63.330989768089395,10.079995496492806,-0.0557575,1.001857,63.32976363840781,10.079698704354929,3.023278,1.001913
415,176.00005102157593,63.330994351751755,10.079994923535011,-0.055747,1.001823,63.329759341224346,10.079700136749416,3.0232755,1.0018815
416,176.60308694839478,63.330998935414115,10.079994350577216,-0.055757,1.0017925,63.32975504404089,10.079701569143905,3.023273,1.00185
417,176.99994683265686,63.331003519076475,10.07999377761942,-0.055767,1.001762,63.329750460378534,10.079702715059494,3.0232400000000004,1.00182
418,177.60387182235718,63.33100781625994,10.079993204661626,-0.0557715,1.0017315,63.329745876716174,10.079703860975084,3.023207,1.00179
419,177.99927496910095,63.3310121134434,10.079992631703831,-0.055776,1.001701,63.32974157953271,10.079705006890674,3.023197,1.0017585
420,178.6031358242035,63.33101669710577,10.079992058746036,-0.055793999999999996,1.0016720000000001,63.329737282349235,10.079706152806265,3.023187,1.001727
421,178.99932289123535,63.33102128076813,10.079991485788241,-0.055812,1.001643,63.329732698686875,10.079707298721855,3.0231589999999997,1.0016975000000001
422,179.60380601882935,63.33102586443049,10.079990912830446,-0.0557955,1.001617,63.329728115024515,10.079708444637445,3.023131,1.001668
423,180.0002419948578,63.33103044809285,10.07999033987265,-0.055779,1.001591,63.32972381784106,10.079709590553037,3.023148,1.00164
424,180.60303902626038,63.33103474527631,10.079989766914855,-0.055787500000000004,1.001566,63.32971952065759,10.079710736468627,3.023165,1.001612
425,180.9992868900299,63.33103904245977,10.07998919395706,-0.055796,1.001541,63.32971493699523,10.079711882384217,3.0231945,1.001582
426,181.6030478477478,63.33104362612214,10.079988620999265,-0.055799,1.001513,63.32971035333287,10.079713028299807,3.023224,1.001552
427,181.999263048172,63.331048209784505,10.07998804804147,-0.055802,1.001485,63.32970576967051,10.079714174215397,3.0231934999999996,1.001531
428,182.603031873703,63.33105279344686,10.079987475083675,-0.055793499999999996,1.00146,63.329701186008144,10.079715320130987,3.023163,1.00151
429,183.0006890296936,63.33105737710922,10.07998690212588,-0.055785,1.001435,63.329696888824685,10.079716466046577,3.02318,1.0014835
430,183.6031048297882,63.331061674292684,10.079986329168085,-0.055752499999999997,1.0014105,63.32969259164122,10.079717611962169,3.023197,1.001457
431,183.99927592277527,63.33106597147614,10.07998575621029,-0.05572,1.001386,63.32968800797886,10.079719044356656,3.02318,1.0014319999999999
432,184.60304188728333,63.33107055513851,10.079985183252493,-0.055712,1.0013635,63.3296834243165,10.079720476751143,3.023163,1.001407
433,184.99931383132935,63.33107513880088,10.079984610294698,-0.055704,1.001341,63.32967912713303,10.079721622666735,3.0231485,1.0013839999999998
434,185.6030240058899,63.33107972246323,10.079984037336903,-0.0557025,1.001318,63.329674829949575,10.079722768582325,3.023134,1.001361
435,185.9993760585785,63.33108430612559,10.079983464379108,-0.055701,1.001295,63.32967024628721,10.079723914497915,3.02312,1.0013375
436,186.60311889648438,63.331088603309055,10.079982891421313,-0.055719000000000005,1.0012729999999999,63.32966566262485,10.079725060413505,3.023106,1.001314
437,186.9992480278015,63.33109290049252,10.07998231846352,-0.055737,1.001251,63.32966136544138,10.079726206329095,3.0231095,1.0012925
438,187.60323190689087,63.33109748415488,10.07998203198462,-0.055732500000000004,1.0012325,63.329657068257916,10.079727352244685,3.023113,1.001271
439,188.00007891654968,63.331102067817234,10.079981745505723,-0.055728,1.001214,63.329652484595556,10.079728498160275,3.023147,1.00125
440,188.60304999351501,63.3311066514796,10.079981172547928,-0.055728,1.0011915,63.3296479009332,10.079729644075865,3.023181,1.001229
441,188.999253988266,63.33111123514197,10.079980599590133,-0.055728,1.001169,63.329643317270836,10.079730789991455,3.023243,1.0012075
442,189.6040198802948,63.33111553232543,10.079980026632338,-0.055733000000000005,1.0011495,63.32963873360847,10.079731935907047,3.023305,1.001186
443,189.99978399276733,63.33111982950889,10.079979453674543,-0.055738,1.00113,63.32963443642501,10.079733081822637,3.0233145,1.0011665
444,190.60309886932373,63.33112441317125,10.079978880716748,-0.055703,1.0011105,63.329630139241544,10.079734227738227,3.023324,1.001147
445,190.99926495552063,63.331128996833606,10.079978307758951,-0.055668,1.001091,63.329625555579184,10.079735373653817,3.0233175,1.001126
446,191.6030809879303,63.33113358049597,10.079977734801158,-0.0556855,1.0010729999999999,63.32962097191683,10.079736519569407,3.023311,1.001105
447,191.99961495399475,63.33113816415834,10.079977161843363,-0.055703,1.001055,63.32961667473337,10.079737951963896,3.023279,1.001088
448,192.60349488258362,63.3311424613418,10.079976588885568,-0.0557,1.0010375,63.32961237754991,10.079739384358383,3.023247,1.001071
449,192.99929904937744,63.331146758525264,10.079976015927773,-0.055697,1.00102,63.32960779388754,10.079740530273973,3.0232175000000003,1.001053
450,193.60352301597595,63.331151342187624,10.079975442969978,-0.0556405,1.001,63.32960321022517,10.079741676189563,3.023188,1.001035
451,193.99959182739258,63.331155925849984,10.079974870012181,-0.055584,1.00098,63.32959891304171,10.079742822105153,3.023198,1.0010175
452,194.603178024292,63.331160509512344,10.079974297054386,-0.055583,1.0009679999999999,63.32959461585825,10.079743968020745,3.023208,1.001
453,194.9997718334198,63.33116509317471,10.079973724096591,-0.055582,1.000956,63.32959003219589,10.079745113936335,3.0232200000000002,1.0009834999999998
454,195.6030249595642,63.33116939035817,10.079973151138795,-0.055609,1.000938,63.32958544853353,10.079746259851925,3.023232,1.000967
455,195.99952387809753,63.331173687541636,10.079972578181,-0.055636,1.00092,63.329580864871176,10.079747405767515,3.0232545,1.0009515
456,196.60318994522095,63.331178271203996,10.079972005223205,-0.0556465,1.000904,63.329576281208816,10.079748551683105,3.023277,1.000936
457,196.9999499320984,63.331182854866356,10.079971432265411,-0.055657,1.000888,63.32957198402535,10.079749697598695,3.0232530000000004,1.0009204999999999
458,197.60315084457397,63.331187438528715,10.079970859307616,-0.055662,1.0008735,63.32956768684188,10.079750843514285,3.023229,1.000905
459,197.99949288368225,63.33119202219107,10.079970286349822,-0.055667,1.000859,63.32956310317952,10.079751989429877,3.0231785,1.0008875
460,198.6031138896942,63.331196319374534,10.079969713392025,-0.0556855,1.000845,63.32955851951716,10.079753135345467,3.023128,1.00087
461,199.00023293495178,63.331200616558,10.07996914043423,-0.055704,1.000831,63.3295542223337,10.079754281261057,3.023135,1.0008555000000001
462,199.60367894172668,63.33120520022037,10.079968567476435,-0.0557445,1.000816,63.32954992515023,10.079755427176647,3.023142,1.000841
463,200.00005197525024,63.33120978388273,10.07996799451864,-0.055785,1.000801,63.32954534148787,10.079756573092236,3.0231355,1.000828
464,200.60305094718933,63.33121408106619,10.079967421560845,-0.055793999999999996,1.0007890000000002,63.32954075782551,10.079757719007826,3.023129,1.000815
465,201.0002110004425,63.33121837824965,10.07996684860305,-0.055803,1.000777,63.329536460642046,10.079759151402314,3.0231425,1.0008015000000001
466,201.6030089855194,63.33122296191201,10.079966275645255,-0.0557755,1.0007614999999999,63.32953216345857,10.079760583796803,3.023156,1.000788
467,201.99981093406677,63.33122754557437,10.07996570268746,-0.055748,1.000746,63.32952757979622,10.079761729712393,3.0231605000000004,1.0007755
468,202.60306096076965,63.33123212923674,10.079965129729665,-0.055747,1.000734,63.32952299613386,10.079762875627983,3.023165,1.000763
469,202.99924898147583,63.3312367128991,10.07996455677187,-0.055746,1.000722,63.329518698950395,10.079764021543575,3.0231405000000002,1.0007505
470,203.60307598114014,63.331241010082564,10.079963983814075,-0.055763,1.00071,63.329514401766936,10.079765167459165,3.023116,1.000738
471,204.0001449584961,63.33124530726602,10.079963410856278,-0.05578,1.000698,63.329509818104576,10.079766313374755,3.02311,1.000725
472,204.60371899604797,63.33124989092838,10.07996312437738,-0.055787500000000004,1.0006885,63.329505234442216,10.079767459290345,3.023104,1.000712
473,204.9992868900299,63.33125447459074,10.079962837898483,-0.055795,1.000679,63.32950065077985,10.079768605205935,3.02309,1.000699
474,205.60303592681885,63.33125905825311,10.079962264940688,-0.0557825,1.000666,63.32949606711749,10.079769751121525,3.023076,1.000686
475,205.99924993515015,63.33126364191547,10.079961691982893,-0.05577,1.000653,63.32949176993402,10.079770897037115,3.023073,1.000675
476,206.60305786132812,63.331267939098936,10.079961119025098,-0.0557435,1.0006439999999999,63.32948747275056,10.079772042952705,3.02307,1.000664
477,206.99994587898254,63.3312722362824,10.079960546067303,-0.055717,1.000635,63.3294828890882,10.079773188868295,3.023079,1.0006534999999999
478,207.60529685020447,63.33127681994476,10.079959973109508,-0.05571,1.0006225,63.329478305425845,10.079774334783886,3.023088,1.000643
479,208.0002679824829,63.331281403607115,10.079959400151713,-0.055703,1.00061,63.329474008242386,10.079775480699476,3.023082,1.0006315
480,208.60316491127014,63.331285987269474,10.079958827193918,-0.0557415,1.0006,63.32946971105892,10.079776626615066,3.023076,1.00062
481,209.0001769065857,63.331290570931834,10.079958254236123,-0.05578,1.00059,63.32946512739655,10.079778059009556,3.0230639999999998,1.0006085
482,209.60308384895325,63.33129486811531,10.079957681278326,-0.055787500000000004,1.0005795000000002,63.329460543734186,10.079779491404043,3.023052,1.000597
483,210.00006985664368,63.33129916529877,10.079957108320531,-0.055795,1.000569,63.32945624655072,10.079780637319633,3.023085,1.0005895
484,210.60326099395752,63.33130374896113,10.079956535362737,-0.055771,1.0005605000000002,63.32945194936726,10.079781783235223,3.023118,1.000582
485,210.99925899505615,63.331308332623486,10.079955962404943,-0.055747,1.000552,63.32944736570491,10.079782929150813,3.0231255,1.0005709999999999
486,211.60317301750183,63.331312916285846,10.079955389447148,-0.055729,1.000545,63.32944278204255,10.079784075066403,3.023133,1.00056
487,211.9998848438263,63.331317499948206,10.079954816489353,-0.055711,1.000538,63.32943848485908,10.079785220981993,3.023148,1.00055
488,212.60388684272766,63.331321797131665,10.079954243531557,-0.0556885,1.0005275,63.329434187675616,10.079786366897585,3.023163,1.00054
489,213.00046801567078,63.33132609431513,10.079953670573762,-0.055666,1.000517,63.32942960401326,10.079787512813175,3.0231865,1.0005305
490,213.60320401191711,63.3313306779775,10.079953097615967,-0.055654499999999996,1.0005065000000002,63.32942502035089,10.079788658728765,3.02321,1.000521
491,213.9994490146637,63.331335261639865,10.079952524658172,-0.055643,1.000496,63.32942043668853,10.079789804644355,3.0232285,1.000513
492,214.60442900657654,63.33133955882333,10.079951951700377,-0.055651,1.0004870000000001,63.32941585302617,10.079790950559945,3.023247,1.000505
493,214.9993598461151,63.33134385600679,10.07995137874258,-0.055659,1.000478,63.32941155584271,10.079792096475535,3.0232665,1.0004965000000001
494,215.60308194160461,63.33134843966914,10.079950805784787,-0.0557,1.0004685,63.329407258659245,10.079793242391125,3.023286,1.000488
495,216.00002694129944,63.3313530233315,10.079950232826992,-0.055741,1.000459,63.329402674996885,10.079794388306716,3.0232945,1.0004785
496,216.60361099243164,63.33135760699387,10.079949659869197,-0.0557625,1.0004525,63.32939809133452,10.079795534222306,3.023303,1.000469
497,217.00015687942505,63.331362190656236,10.079949086911402,-0.055784,1.000446,63.32939379415106,10.079796680137896,3.0232975,1.0004625
498,217.60602498054504,63.3313664878397,10.079948513953607,-0.0557925,1.000439,63.32938949696759,10.079797826053486,3.023292,1.000456
499,217.99969387054443,63.33137078502316,10.07994794099581,-0.055801,1.000432,63.32938491330523,10.079799258447974,3.0232989999999997,1.0004495
500,218.6031289100647,63.33137536868552,10.079947368038015,-0.0558005,1.0004255,63.32938032964287,10.079800690842463,3.023306,1.000443
501,218.99972486495972,63.33137995234788,10.07994679508022,-0.0558,1.000419,63.32937603245941,10.079801836758053,3.0232995,1.0004345
502,219.6030399799347,63.33138453601025,10.079946222122425,-0.055801500000000004,1.0004119999999999,63.32937173527595,10.079802982673643,3.023293,1.000426
503,220.00042700767517,63.33138911967261,10.07994564916463,-0.055803,1.000405,63.32936715161358,10.079804128589233,3.0232655,1.000419
504,220.60311484336853,63.33139341685607,10.079945076206835,-0.055795,1.0003980000000001,63.329362567951215,10.079805274504823,3.023238,1.000412
505,221.00041389465332,63.33139771403953,10.07994450324904,-0.055787,1.000391,63.329358270767756,10.079806420420415,3.023225,1.0004055
506,221.6043598651886,63.33140229770189,10.079944216770143,-0.055763,1.0003845,63.32935397358429,10.079807566336004,3.023212,1.000399
507,222.00019884109497,63.33140688136425,10.079943930291245,-0.055739,1.000378,63.32934938992193,10.079808712251594,3.023203,1.000391
508,222.60416197776794,63.331411465026605,10.07994335733345,-0.05572,1.0003715,63.32934480625958,10.079809858167184,3.023194,1.000383
509,223.00048995018005,63.331416048688965,10.079942784375655,-0.055701,1.000365,63.32934022259722,10.079811004082774,3.0231895,1.0003765
510,223.60308694839478,63.33142034587243,10.079942211417858,-0.055691000000000004,1.0003600000000001,63.32933563893486,10.079812149998364,3.023185,1.00037
511,223.99943685531616,63.331424643055904,10.079941638460063,-0.055681,1.000355,63.329331341751384,10.079813295913954,3.0231835,1.0003625
512,224.6032009124756,63.331429226718264,10.079941065502268,-0.0556755,1.0003454999999999,63.32932704456792,10.079814441829544,3.023182,1.000355
513,224.99945998191833,63.331433810380624,10.079940492544473,-0.05567,1.000336,63.32932246090556,10.079815587745134,3.023177,1.0003510000000002
514,225.60325598716736,63.33143810756408,10.079939919586678,-0.055718000000000004,1.0003324999999998,63.3293178772432,10.079816733660726,3.023172,1.000347
515,226.00004196166992,63.33144240474755,10.079939346628883,-0.055766,1.000329,63.32931358005973,10.079818166055214,3.0231765,1.00034
516,226.60364890098572,63.33144698840991,10.079938773671088,-0.055772,1.0003225,63.329309282876274,10.079819598449701,3.023181,1.000333
517,226.99939393997192,63.33145157207227,10.079938200713293,-0.055778,1.000316,63.32930469921392,10.079820744365293,3.0231805,1.0003285
518,227.6032178401947,63.33145615573463,10.079937627755498,-0.055801,1.0003125,63.32930011555156,10.079821890280883,3.02318,1.000324
519,227.99956393241882,63.331460739396995,10.079937054797703,-0.055824,1.000309,63.329295818368095,10.079823036196473,3.0231775,1.000318
520,228.60345697402954,63.331465036580454,10.079936481839908,-0.0558385,1.000303,63.329291521184636,10.079824182112063,3.023175,1.000312
521,228.99982690811157,63.33146933376392,10.079935908882112,-0.055853,1.000297,63.32928693752227,10.079825328027653,3.023178,1.000307
522,229.60308504104614,63.33147391742628,10.079935335924318,-0.0558685,1.0002925,63.3292823538599,10.079826473943243,3.023181,1.000302
523,229.99925303459167,63.33147850108864,10.079934762966523,-0.055884,1.000288,63.32927805667644,10.079827619858833,3.0231950000000003,1.000297
524,230.60312485694885,63.331483084751,10.079934190008728,-0.055869,1.0002835,63.32927375949298,10.079828765774424,3.023209,1.000292
525,230.99938201904297,63.33148766841337,10.079933617050933,-0.055854,1.000279,63.32926917583062,10.079829911690014,3.023187,1.0002875
526,231.60310101509094,63.331491965596825,10.079933044093139,-0.0558525,1.0002749999999998,63.32926459216826,10.079831057605604,3.023165,1.000283
527,231.99937295913696,63.33149626278029,10.079932471135342,-0.055851,1.000271,63.3292600085059,10.079832203521194,3.0231575,1.000277
528,232.60305190086365,63.33150084644265,10.079931898177547,-0.055846999999999994,1.0002665,63.32925542484353,10.079833349436784,3.02315,1.000271
529,233.0065758228302,63.33150543010501,10.079931325219752,-0.055843,1.000262,63.32925542484353,10.079833349436784,3.02315,1.000271
530,233.99925303459167,63.33151459742973,10.07993017930416,-0.055838,1.00025,63.32925542484353,10.079833349436784,3.02315,1.000271
531,234.99973797798157,63.33152319179667,10.079929033388572,-0.055874,1.000244,63.32925542484353,10.079833349436784,3.02315,1.000271
532,235.99924993515015,63.33153235912138,10.079927887472982,-0.055937,1.000229,63.32925542484353,10.079833349436784,3.02315,1.000271
533,237.0005168914795,63.3315415264461,10.07992674155739,-0.055931,1.000227,63.32925542484353,10.079833349436784,3.02315,1.000271
534,237.99925684928894,63.33155012081303,10.0799255956418,-0.055868,1.000221,63.32925542484353,10.079833349436784,3.02315,1.000271
535,239.00013899803162,63.331559288137754,10.07992444972621,-0.055767,1.000212,63.32925542484353,10.079833349436784,3.02315,1.000271
536,239.99927687644958,63.331567882504686,10.079923876768415,-0.05572,1.000203,63.32925542484353,10.079833349436784,3.02315,1.000271
537,240.99915289878845,63.3315770498294,10.079922730852825,-0.055662,1.000201,63.32925542484353,10.079833349436784,3.02315,1.000271
538,241.99973702430725,63.33158621715413,10.079921584937235,-0.055759,1.00019,63.32925542484353,10.079833349436784,3.02315,1.000271
539,242.99925899505615,63.33159481152106,10.079920439021643,-0.055807,1.000183,63.32925542484353,10.079833349436784,3.02315,1.000271
540,243.9998848438263,63.33160397884577,10.079919293106054,-0.055805,1.00018,63.32925542484353,10.079833349436784,3.02315,1.000271
541,244.99928784370422,63.331613146170504,10.079918147190464,-0.055884,1.000171,63.32925542484353,10.079833349436784,3.02315,1.000271
542,246.00058698654175,63.33162174053743,10.079917001274874,-0.055949,1.000165,63.32925542484353,10.079833349436784,3.02315,1.000271
543,246.9993679523468,63.33163090786215,10.079915855359284,-0.055894,1.000158,63.32925542484353,10.079833349436784,3.02315,1.000271
544,248.00018787384033,63.33164007518686,10.079914709443692,-0.055805,1.000155,63.32925542484353,10.079833349436784,3.02315,1.000271
545,248.99972701072693,63.3316486695538,10.079913563528104,-0.055712,1.000148,63.32925542484353,10.079833349436784,3.02315,1.000271
546,249.99928903579712,63.33165783687852,10.079912417612514,-0.055718,1.000145,63.32925542484353,10.079833349436784,3.02315,1.000271
547,250.99979496002197,63.331666431245445,10.079911271696922,-0.055766,1.000137,63.32925542484353,10.079833349436784,3.02315,1.000271
548,251.9993588924408,63.331675598570165,10.079910125781332,-0.055779,1.000136,63.32925542484353,10.079833349436784,3.02315,1.000271
549,252.99934005737305,63.33168476589489,10.07990897986574,-0.05574,1.000133,63.32925542484353,10.079833349436784,3.02315,1.000271
550,253.9996030330658,63.331693360261816,10.079907833950152,-0.055712,1.000129,63.32925542484353,10.079833349436784,3.02315,1.000271
551,255.00015497207642,63.331702527586536,10.079906688034562,-0.055749,1.000122,63.32925542484353,10.079833349436784,3.02315,1.000271
552,255.99968004226685,63.33171169491126,10.07990554211897,-0.055769,1.000119,63.32925542484353,10.079833349436784,3.02315,1.000271
553,256.9993920326233,63.33172028927819,10.07990439620338,-0.055812,1.00011,63.32925542484353,10.079833349436784,3.02315,1.000271
554,258.00046396255493,63.33172945660291,10.079903823245585,-0.055793,1.000115,63.32925542484353,10.079833349436784,3.02315,1.000271
555,258.9999198913574,63.33173862392763,10.079902677329995,-0.055781,1.000106,63.32925542484353,10.079833349436784,3.02315,1.000271
556,260.0002439022064,63.331747218294566,10.079901531414405,-0.05578,1.000102,63.32925542484353,10.079833349436784,3.02315,1.000271
557,260.99957489967346,63.33175638561928,10.079900385498815,-0.055822,1.000099,63.32925542484353,10.079833349436784,3.02315,1.000271
558,261.9993498325348,63.331764979986204,10.079899239583224,-0.055871,1.000098,63.32925542484353,10.079833349436784,3.02315,1.000271
559,262.99926686286926,63.331774147310924,10.079898093667634,-0.055855,1.000091,63.32925542484353,10.079833349436784,3.02315,1.000271
560,263.9997470378876,63.33178331463565,10.079896947752044,-0.055881,1.000093,63.32925542484353,10.079833349436784,3.02315,1.000271
561,264.99924492836,63.331791909002575,10.079895801836454,-0.055877,1.000085,63.32925542484353,10.079833349436784,3.02315,1.000271
562,266.00028586387634,63.331801076327295,10.079894655920864,-0.055884,1.000082,63.32925542484353,10.079833349436784,3.02315,1.000271
563,266.99933385849,63.33181024365203,10.079893510005272,-0.055883,1.000081,63.32925542484353,10.079833349436784,3.02315,1.000271
564,268.0001299381256,63.331818838018954,10.079892364089684,-0.055903,1.000081,63.32925542484353,10.079833349436784,3.02315,1.000271
565,268.99936985969543,63.33182800534367,10.079891218174092,-0.055919,1.000077,63.32925542484353,10.079833349436784,3.02315,1.000271
566,270.000118970871,63.33183659971059,10.079890072258502,-0.055868,1.000071,63.32925542484353,10.079833349436784,3.02315,1.000271
567,271.00001788139343,63.331845767035325,10.079888926342912,-0.055809,1.000073,63.32925542484353,10.079833349436784,3.02315,1.000271
568,271.9992609024048,63.331854934360045,10.07988778042732,-0.055733,1.00007,63.32925542484353,10.079833349436784,3.02315,1.000271
569,273.0002770423889,63.33186352872697,10.079886634511732,-0.055723,1.000067,63.32925542484353,10.079833349436784,3.02315,1.000271
570,273.99925088882446,63.3318726960517,10.079885488596142,-0.055731,1.000066,63.32925542484353,10.079833349436784,3.02315,1.000271
