,time,asv_1,asv_2
16,0.0,"(63.32941470711057, 10.079932471135342)","(63.330496451427784, 10.07986085141095)"
17,0.37885284423828125,"(63.32941929077294, 10.079935049445421)","(63.330498743258964, 10.07986085141095)"
18,1.0003559589385986,"(63.32942387443531, 10.079937627755498)","(63.33050074861124, 10.07986085141095)"
19,1.379227876663208,"(63.32942817161877, 10.079940206065576)","(63.33050275396353, 10.07986085141095)"
20,2.0006890296936035,"(63.32943246880223, 10.079942784375655)","(63.33050504579471, 10.07986085141095)"
21,2.3790500164031982,"(63.32943705246459, 10.079945362685732)","(63.33050733762589, 10.07986085141095)"
22,3.000060796737671,"(63.32944163612695, 10.07994794099581)","(63.33050962945707, 10.07986085141095)"
23,3.379215955734253,"(63.32944621978932, 10.07995051930589)","(63.33051192128825, 10.07986085141095)"
24,4.000536918640137,"(63.32945080345168, 10.079953097615967)","(63.330513926640535, 10.07986085141095)"
25,4.3797478675842285,"(63.329455100635144, 10.079955389447147)","(63.330515931992814, 10.07986085141095)"
26,5.000353813171387,"(63.3294593978186, 10.079957681278326)","(63.330518223824, 10.07986085141095)"
27,5.379100799560547,"(63.32946398148096, 10.079960259588404)","(63.33052051565519, 10.07986085141095)"
28,6.000046014785767,"(63.32946856514332, 10.079962837898483)","(63.33052252100747, 10.079860564932053)"
29,6.379496812820435,"(63.32947286232678, 10.079965416208562)","(63.33052452635975, 10.079860278453156)"
30,7.0001678466796875,"(63.32947715951025, 10.07996799451864)","(63.33052681819093, 10.079860278453156)"
31,7.379184007644653,"(63.32948174317261, 10.079970572828717)","(63.33052911002211, 10.079860278453156)"
32,8.000923871994019,"(63.329486326834974, 10.079973151138796)","(63.33053140185329, 10.079860278453156)"
33,8.379247903823853,"(63.32949062401844, 10.079975729448874)","(63.33053369368447, 10.079860278453156)"
34,9.00052285194397,"(63.329494921201906, 10.079978307758951)","(63.33053569903676, 10.079860278453156)"
35,9.379554986953735,"(63.32949950486426, 10.07998088606903)","(63.33053770438904, 10.079860278453156)"
36,10.000243902206421,"(63.32950408852662, 10.079983464379108)","(63.33053999622022, 10.079860278453156)"
37,10.379493951797485,"(63.329508385710085, 10.079985756210288)","(63.3305422880514, 10.079860278453156)"
38,11.000978946685791,"(63.329512682893544, 10.07998804804147)","(63.330544293403676, 10.079860278453156)"
39,11.379262924194336,"(63.32951726655591, 10.079990626351549)","(63.33054629875596, 10.079860278453156)"
40,11.999979972839355,"(63.32952185021828, 10.079993204661626)","(63.33054859058714, 10.079860564932053)"
41,12.379113912582397,"(63.32952614740174, 10.079995782971704)","(63.33055088241832, 10.07986085141095)"
42,13.000934839248657,"(63.3295304445852, 10.079998361281783)","(63.3305531742495, 10.07986085141095)"
43,13.379621982574463,"(63.32953474176867, 10.080000653112963)","(63.33055546608068, 10.07986085141095)"
44,14.000188827514648,"(63.32953903895213, 10.080002944944143)","(63.33055747143297, 10.07986085141095)"
45,14.378763914108276,"(63.32954362261449, 10.080005523254222)","(63.33055947678525, 10.07986085141095)"
46,14.999971866607666,"(63.32954820627685, 10.0800081015643)","(63.33056176861643, 10.07986085141095)"
47,15.378751993179321,"(63.329552503460306, 10.08001039339548)","(63.33056406044761, 10.07986085141095)"
48,16.000185012817383,"(63.32955680064377, 10.080012685226661)","(63.330566352278794, 10.07986085141095)"
49,16.37885880470276,"(63.32956138430613, 10.080015263536739)","(63.33056864410998, 10.07986085141095)"
50,16.999982833862305,"(63.3295659679685, 10.080017841846816)","(63.33057093594116, 10.07986085141095)"
51,17.378901958465576,"(63.32957026515196, 10.080020133677998)","(63.33057322777234, 10.07986085141095)"
52,18.000242948532104,"(63.329574562335424, 10.080022425509178)","(63.33057523312462, 10.07986085141095)"
53,18.379220962524414,"(63.32957914599778, 10.080025003819255)","(63.330577238476906, 10.07986085141095)"
54,19.000561952590942,"(63.32958372966014, 10.080027582129334)","(63.330579530308086, 10.07986085141095)"
55,19.379758834838867,"(63.32958802684361, 10.080029873960514)","(63.330581822139266, 10.07986085141095)"
56,20.00013494491577,"(63.32959232402707, 10.080032165791694)","(63.330584113970446, 10.07986085141095)"
57,20.37883687019348,"(63.32959662121053, 10.080034744101773)","(63.330586405801625, 10.07986085141095)"
58,20.9998939037323,"(63.32960091839399, 10.080037322411851)","(63.33058841115391, 10.079861137889848)"
59,21.379663944244385,"(63.32960550205636, 10.08003961424303)","(63.33059041650619, 10.079861424368746)"
60,22.00057101249695,"(63.32961008571873, 10.08004190607421)","(63.33059270833737, 10.079861424368746)"
61,22.379458904266357,"(63.32961438290219, 10.08004419790539)","(63.33059500016855, 10.079861424368746)"
62,23.000119924545288,"(63.32961868008565, 10.080046489736572)","(63.33059729199972, 10.079861424368746)"
63,23.378796815872192,"(63.329623263748005, 10.080049068046652)","(63.3305995838309, 10.079861424368746)"
64,23.999993801116943,"(63.329627847410364, 10.08005164635673)","(63.33060158918319, 10.079861424368746)"
65,24.378816843032837,"(63.32963214459383, 10.080053938187909)","(63.330603594535475, 10.079861424368746)"
66,25.000163793563843,"(63.32963644177729, 10.08005623001909)","(63.330605886366655, 10.079861424368746)"
67,25.37874984741211,"(63.329641025439656, 10.080058521850273)","(63.330608178197835, 10.079861424368746)"
68,26.004273891448975,"(63.32964560910202, 10.080060813681452)","(63.330610470029015, 10.079861424368746)"
69,26.378745794296265,"(63.32964990628548, 10.080063105512632)","(63.3306127618602, 10.079861424368746)"
70,27.000300884246826,"(63.32965420346895, 10.080065397343812)","(63.33061505369138, 10.079861424368746)"
71,27.378827810287476,"(63.329658500652414, 10.08006797565389)","(63.33061734552256, 10.079861424368746)"
72,28.0000159740448,"(63.32966279783587, 10.080070553963969)","(63.33061935087484, 10.079861424368746)"
73,28.37913680076599,"(63.32966738149823, 10.080072845795149)","(63.33062135622713, 10.079861424368746)"
74,29.000061988830566,"(63.32967196516059, 10.080075137626329)","(63.33062364805831, 10.079861710847643)"
75,29.379010915756226,"(63.32967626234405, 10.08007742945751)","(63.33062593988949, 10.07986199732654)"
76,30.000264883041382,"(63.32968055952752, 10.08007972128869)","(63.33062823172067, 10.07986199732654)"
77,30.379647970199585,"(63.32968485671098, 10.08008201311987)","(63.33063052355185, 10.07986199732654)"
78,31.000640869140625,"(63.32968915389444, 10.08008430495105)","(63.33063281538303, 10.07986199732654)"
79,31.379671812057495,"(63.32969373755681, 10.08008659678223)","(63.330635107214206, 10.07986199732654)"
80,32.00032091140747,"(63.32969832121917, 10.080088888613412)","(63.33063711256649, 10.07986199732654)"
81,32.37925696372986,"(63.329702618402635, 10.080091180444594)","(63.33063911791877, 10.07986199732654)"
82,33.00000786781311,"(63.3297069155861, 10.080093472275774)","(63.33064140974995, 10.07986199732654)"
83,33.37940287590027,"(63.32971149924846, 10.080095764106954)","(63.33064370158113, 10.07986199732654)"
84,34.000000953674316,"(63.329716082910814, 10.080098055938135)","(63.33064599341232, 10.07986199732654)"
85,34.37986087799072,"(63.32972038009427, 10.080100347769315)","(63.3306482852435, 10.07986199732654)"
86,35.000231981277466,"(63.32972467727774, 10.080102639600495)","(63.33065057707468, 10.07986199732654)"
87,35.37985587120056,"(63.329728974461204, 10.080104931431677)","(63.33065286890586, 10.07986199732654)"
88,36.000932931900024,"(63.32973327164468, 10.080107223262857)","(63.330654874258144, 10.07986199732654)"
89,36.37938594818115,"(63.32973785530704, 10.080109515094037)","(63.33065687961043, 10.07986199732654)"
90,37.000465869903564,"(63.3297424389694, 10.080111806925219)","(63.33065917144161, 10.07986199732654)"
91,37.378986835479736,"(63.329746736152856, 10.080114098756399)","(63.33066146327278, 10.07986199732654)"
92,38.00094389915466,"(63.32975103333632, 10.080116390587579)","(63.33066375510396, 10.079862283805438)"
93,38.37886881828308,"(63.32975533051979, 10.08011868241876)","(63.33066604693514, 10.079862570284336)"
94,39.000113010406494,"(63.32975962770325, 10.08012097424994)","(63.33066833876632, 10.079862570284336)"
95,39.37963390350342,"(63.32976421136561, 10.08012326608112)","(63.3306706305975, 10.079862570284336)"
96,40.00028991699219,"(63.32976879502797, 10.0801255579123)","(63.33067263594978, 10.079862570284336)"
97,40.379594802856445,"(63.32977309221144, 10.080127563264583)","(63.33067464130207, 10.079862570284336)"
98,41.00089383125305,"(63.329777389394906, 10.080129568616867)","(63.33067693313325, 10.079862570284336)"
99,41.379716873168945,"(63.329781973057266, 10.080131860448049)","(63.33067922496443, 10.079862570284336)"
100,41.99998188018799,"(63.32978655671962, 10.080134152279228)","(63.330681516795615, 10.079862570284336)"
101,42.37967586517334,"(63.32979085390308, 10.080136444110408)","(63.3306838086268, 10.079862570284336)"
102,42.99996995925903,"(63.32979515108654, 10.080138735941588)","(63.33068610045798, 10.079862570284336)"
103,43.379714012145996,"(63.32979944827001, 10.080141027772768)","(63.33068839228916, 10.079862570284336)"
104,44.00091195106506,"(63.329803745453475, 10.08014331960395)","(63.33069068412034, 10.079862570284336)"
105,44.37883901596069,"(63.329808329115835, 10.080145324956232)","(63.330692975951514, 10.079862570284336)"
106,45.00059199333191,"(63.3298129127782, 10.080147330308515)","(63.3306949813038, 10.079862570284336)"
107,45.37877082824707,"(63.32981720996166, 10.080149622139697)","(63.330696986656086, 10.079862570284336)"
108,46.000267028808594,"(63.32982150714513, 10.080151913970877)","(63.330699278487266, 10.079862856763233)"
109,46.37901997566223,"(63.32982580432859, 10.080153919323159)","(63.330701570318446, 10.07986314324213)"
110,47.000038862228394,"(63.32983010151205, 10.080155924675443)","(63.33070386214962, 10.07986314324213)"
111,47.37964701652527,"(63.32983468517441, 10.080158216506625)","(63.3307061539808, 10.07986314324213)"
112,48.001067876815796,"(63.32983926883677, 10.080160508337805)","(63.33070844581198, 10.07986314324213)"
113,48.37910294532776,"(63.32984356602023, 10.080162800168985)","(63.33071073764316, 10.07986314324213)"
114,49.00138783454895,"(63.329847863203696, 10.080165092000165)","(63.330713029474346, 10.07986314324213)"
115,49.378763914108276,"(63.329852446866056, 10.080167097352447)","(63.33071532130553, 10.07986314324213)"
116,50.00044393539429,"(63.32985703052842, 10.08016910270473)","(63.33071732665782, 10.07986314324213)"
117,50.37922692298889,"(63.32986132771189, 10.08017139453591)","(63.3307193320101, 10.07986314324213)"
118,51.0002498626709,"(63.329865624895355, 10.080173686367091)","(63.33072162384128, 10.07986314324213)"
119,51.37888288497925,"(63.329869922078814, 10.080175691719376)","(63.33072391567246, 10.07986314324213)"
120,52.000871896743774,"(63.32987421926228, 10.080177697071658)","(63.33072620750364, 10.07986314324213)"
121,52.379403829574585,"(63.32987880292464, 10.08017970242394)","(63.33072849933482, 10.07986314324213)"
122,53.000967025756836,"(63.32988338658699, 10.080181707776225)","(63.330730791166, 10.07986314324213)"
123,53.379456996917725,"(63.32988768377045, 10.080183999607405)","(63.33073308299718, 10.07986314324213)"
124,54.000197887420654,"(63.32989198095392, 10.080186291438585)","(63.330735088349456, 10.07986314324213)"
125,54.37892198562622,"(63.32989627813738, 10.080188296790867)","(63.33073709370174, 10.07986314324213)"
126,55.00086498260498,"(63.32990057532085, 10.08019030214315)","(63.33073938553292, 10.079863429721028)"
127,55.37981295585632,"(63.32990515898321, 10.080192307495434)","(63.3307416773641, 10.079863716199926)"
128,56.00026488304138,"(63.329909742645576, 10.080194312847716)","(63.33074396919528, 10.079863716199926)"
129,56.37886381149292,"(63.329914039829035, 10.080196604678896)","(63.33074626102646, 10.079863716199926)"
130,56.999828815460205,"(63.3299183370125, 10.080198896510078)","(63.33074855285764, 10.079863716199926)"
131,57.37977385520935,"(63.32992292067486, 10.080200901862362)","(63.33075084468883, 10.079863716199926)"
132,58.00007700920105,"(63.32992750433722, 10.080202907214645)","(63.33075313652001, 10.079863716199926)"
133,58.37946701049805,"(63.32993180152069, 10.080204912566927)","(63.33075542835119, 10.079863716199926)"
134,59.0001540184021,"(63.329936098704145, 10.08020691791921)","(63.33075743370347, 10.079863716199926)"
135,59.37968993186951,"(63.32994039588762, 10.080208923271492)","(63.330759439055754, 10.079863716199926)"
136,60.0001118183136,"(63.329944693071084, 10.080210928623774)","(63.330761730886934, 10.079863716199926)"
137,60.37880086898804,"(63.329949276733444, 10.080213220454954)","(63.330764022718114, 10.079863716199926)"
138,61.001118898391724,"(63.3299538603958, 10.080215512286136)","(63.330766314549294, 10.079863716199926)"
139,61.381107807159424,"(63.32995815757926, 10.08021751763842)","(63.330768606380474, 10.079863716199926)"
140,62.00087380409241,"(63.32996245476273, 10.080219522990703)","(63.330770898211654, 10.079863716199926)"
141,62.379637002944946,"(63.32996675194619, 10.080221528342985)","(63.330773190042834, 10.079863716199926)"
142,63.00000786781311,"(63.329971049129654, 10.080223533695268)","(63.330775481874014, 10.079864002678825)"
143,63.37957787513733,"(63.329975632792014, 10.08022553904755)","(63.330777773705194, 10.079864289157722)"
144,63.999727964401245,"(63.329980216454366, 10.080227544399834)","(63.33077977905748, 10.079864289157722)"
145,64.37876200675964,"(63.32998451363784, 10.080229549752117)","(63.33078178440976, 10.079864289157722)"
146,65.00101590156555,"(63.329988810821305, 10.0802315551044)","(63.330784076240946, 10.079864289157722)"
147,65.37900185585022,"(63.329993394483665, 10.080233560456684)","(63.330786368072125, 10.079864289157722)"
148,66.0010278224945,"(63.329997978146025, 10.080235565808966)","(63.330788659903305, 10.079864289157722)"
149,66.3792769908905,"(63.33000227532949, 10.080237571161248)","(63.330790951734485, 10.079864289157722)"
150,67.00091481208801,"(63.33000657251295, 10.080239576513533)","(63.330793243565665, 10.079864289157722)"
151,67.37918901443481,"(63.33001086969641, 10.080241581865815)","(63.330795535396845, 10.079864289157722)"
152,68.00020384788513,"(63.330015166879875, 10.080243587218098)","(63.330797827228025, 10.079864289157722)"
153,68.37888097763062,"(63.330019750542235, 10.08024559257038)","(63.330800119059205, 10.079864289157722)"
154,69.00000286102295,"(63.3300243342046, 10.080247597922662)","(63.330802410890385, 10.079864289157722)"
155,69.37933802604675,"(63.33002863138807, 10.080249603274947)","(63.330804702721565, 10.079864289157722)"
156,70.00000786781311,"(63.33003292857153, 10.080251608627231)","(63.33080670807385, 10.079864289157722)"
157,70.3796718120575,"(63.330037512233886, 10.080253613979513)","(63.33080871342613, 10.079864289157722)"
158,70.99998092651367,"(63.330042095896246, 10.080255619331796)","(63.33081100525731, 10.07986457563662)"
159,71.37873482704163,"(63.33004639307971, 10.08025733820518)","(63.33081329708849, 10.079864862115517)"
160,72.00003099441528,"(63.33005069026317, 10.080259057078566)","(63.33081558891968, 10.079864862115517)"
161,72.37893795967102,"(63.33005498744663, 10.08026106243085)","(63.33081788075086, 10.079864862115517)"
162,73.00017380714417,"(63.330059284630096, 10.080263067783132)","(63.33082017258204, 10.079864862115517)"
163,73.37878179550171,"(63.33006386829246, 10.080265073135415)","(63.33082246441322, 10.079864862115517)"
164,73.99997997283936,"(63.33006845195483, 10.080267078487699)","(63.3308247562444, 10.079864862115517)"
165,74.37882494926453,"(63.330072749138296, 10.080268797361084)","(63.33082704807558, 10.079864862115517)"
166,74.99988102912903,"(63.330077046321755, 10.080270516234469)","(63.33082905342786, 10.079864862115517)"
167,75.37884998321533,"(63.330081629984114, 10.080272521586751)","(63.33083105878014, 10.079864862115517)"
168,75.99998688697815,"(63.330086213646474, 10.080274526939034)","(63.33083335061132, 10.079864862115517)"
169,76.37943291664124,"(63.33009051082993, 10.080276532291318)","(63.3308356424425, 10.079864862115517)"
170,77.00020599365234,"(63.3300948080134, 10.080278537643602)","(63.33083793427368, 10.079864862115517)"
171,77.3787169456482,"(63.330099105196865, 10.080280256516987)","(63.33084022610486, 10.079864862115517)"
172,78.00019788742065,"(63.330103402380324, 10.080281975390372)","(63.33084251793605, 10.079864862115517)"
173,78.37899494171143,"(63.33010769956378, 10.080283980742655)","(63.330844809767235, 10.079864862115517)"
174,78.99998998641968,"(63.33011199674725, 10.080285986094937)","(63.330847101598415, 10.079865148594415)"
175,79.37921690940857,"(63.330116293930715, 10.080287704968324)","(63.330849393429595, 10.079865435073312)"
176,80.00011491775513,"(63.33012059111419, 10.080289423841709)","(63.330851398781874, 10.079865435073312)"
177,80.378741979599,"(63.33012488829765, 10.080290569757299)","(63.33085340413416, 10.079865435073312)"
178,81.00090789794922,"(63.33012918548111, 10.080291715672889)","(63.33085569596534, 10.079865435073312)"
179,81.37934994697571,"(63.33013348266458, 10.080292575109581)","(63.33085798779652, 10.079865435073312)"
180,82.0002088546753,"(63.33013777984804, 10.080293434546276)","(63.3308602796277, 10.079865435073312)"
181,82.3796739578247,"(63.330142077031496, 10.08029400750407)","(63.33086257145887, 10.079865435073312)"
182,83.0007758140564,"(63.33014637421496, 10.080294580461866)","(63.33086486329005, 10.079865435073312)"
183,83.3795440196991,"(63.33015095787732, 10.080294866940761)","(63.33086715512123, 10.079865435073312)"
184,84.00046491622925,"(63.33015554153968, 10.080295153419659)","(63.33086944695241, 10.079865435073312)"
185,84.37933588027954,"(63.33016012520204, 10.080294866940761)","(63.33087173878359, 10.079865435073312)"
186,85.00009799003601,"(63.33016470886441, 10.080294580461866)","(63.33087403061478, 10.079865435073312)"
187,85.3787248134613,"(63.33016929252677, 10.080294293982968)","(63.33087632244597, 10.079865435073312)"
188,86.00074291229248,"(63.33017387618913, 10.08029400750407)","(63.330878327798246, 10.079865435073312)"
189,86.37873482704163,"(63.33017845985149, 10.080293434546274)","(63.33088033315052, 10.079865435073312)"
190,87.00016593933105,"(63.33018304351385, 10.080292861588479)","(63.330882624981705, 10.079865435073312)"
191,87.37887692451477,"(63.33018734069731, 10.080292002151786)","(63.33088491681289, 10.079865435073312)"
192,88.00018095970154,"(63.33019163788077, 10.080291142715094)","(63.33088720864407, 10.07986572155221)"
193,88.37963080406189,"(63.33019622154313, 10.080290569757299)","(63.33088950047525, 10.079866008031107)"
194,89.00017499923706,"(63.3302008052055, 10.080289996799502)","(63.33089179230643, 10.079866008031107)"
195,89.37883996963501,"(63.33020538886786, 10.080289137362811)","(63.330894084137604, 10.079866008031107)"
196,90.00093102455139,"(63.33020997253022, 10.080288277926119)","(63.330896375968784, 10.079866008031107)"
197,90.37942481040955,"(63.33021455619259, 10.080287704968324)","(63.330898667799964, 10.079866008031107)"
198,91.00091695785522,"(63.33021913985495, 10.080287132010529)","(63.33090067315225, 10.079866008031107)"
199,91.37935590744019,"(63.33022372351731, 10.080286272573836)","(63.330902678504536, 10.079866008031107)"
200,92.00089001655579,"(63.33022830717967, 10.080285413137142)","(63.33090497033571, 10.079866008031107)"
201,92.37871980667114,"(63.33023260436313, 10.08028455370045)","(63.33090726216689, 10.079866008031107)"
202,93.00024390220642,"(63.33023690154659, 10.080283694263757)","(63.330909553998076, 10.079866008031107)"
203,93.37875986099243,"(63.33024148520895, 10.080282834827065)","(63.33091184582926, 10.079866008031107)"
204,94.00006484985352,"(63.33024606887131, 10.080281975390372)","(63.33091413766044, 10.079866008031107)"
205,94.37950491905212,"(63.33025065253368, 10.080281115953678)","(63.33091642949162, 10.079866008031107)"
206,95.00006890296936,"(63.33025523619604, 10.080280256516986)","(63.3309187213228, 10.079866008031107)"
207,95.378741979599,"(63.3302598198584, 10.080279397080293)","(63.33092101315398, 10.079866008031107)"
208,96.00005888938904,"(63.33026440352076, 10.080278537643602)","(63.33092330498516, 10.079866294510005)"
209,96.378732919693,"(63.330268700704224, 10.080277678206908)","(63.330925596816336, 10.079866580988902)"
210,96.99998092651367,"(63.33027299788768, 10.080276818770216)","(63.33092760216862, 10.079866580988902)"
211,97.37871289253235,"(63.33027758155005, 10.080275959333523)","(63.33092960752091, 10.079866580988902)"
212,98.00091695785522,"(63.33028216521241, 10.08027509989683)","(63.33093189935209, 10.079866580988902)"
213,98.37929201126099,"(63.33028674887477, 10.080274240460138)","(63.33093419118327, 10.079866580988902)"
214,99.00023984909058,"(63.33029133253713, 10.080273381023446)","(63.33093648301444, 10.079866580988902)"
215,99.37858486175537,"(63.33029591619949, 10.080272521586753)","(63.33093877484562, 10.079866580988902)"
216,100.0002019405365,"(63.33030049986185, 10.080271662150059)","(63.33094106667681, 10.079866580988902)"
217,100.37876296043396,"(63.330304797045315, 10.080270802713367)","(63.330943358507994, 10.079866580988902)"
218,101.00094079971313,"(63.33030909422879, 10.080269943276674)","(63.330945650339174, 10.079866580988902)"
219,101.378821849823,"(63.33031367789114, 10.080269083839982)","(63.330947942170354, 10.079866580988902)"
220,102.00010800361633,"(63.3303182615535, 10.080268224403289)","(63.330950234001534, 10.079866580988902)"
221,102.37872791290283,"(63.33032284521586, 10.080267364966597)","(63.330952525832714, 10.079866580988902)"
222,103.00005197525024,"(63.33032742887822, 10.080266505529904)","(63.330954531185, 10.079866580988902)"
223,103.37952280044556,"(63.33033172606169, 10.08026564609321)","(63.33095653653728, 10.079866580988902)"
224,104.00080990791321,"(63.330336023245145, 10.080264786656517)","(63.33095882836846, 10.079866580988902)"
225,104.3794538974762,"(63.33034060690751, 10.080263927219825)","(63.33096112019964, 10.079866580988902)"
226,105.00095295906067,"(63.33034519056987, 10.080263067783132)","(63.33096341203082, 10.0798668674678)"
227,105.37962889671326,"(63.33034977423223, 10.08026220834644)","(63.330965703862, 10.079867153946697)"
228,105.99999380111694,"(63.33035435789459, 10.080261348909747)","(63.33096799569317, 10.079867153946697)"
229,106.37863802909851,"(63.33035894155695, 10.080260489473055)","(63.33097028752435, 10.079867153946697)"
230,107.00013995170593,"(63.33036352521932, 10.08025963003636)","(63.33097257935554, 10.079867153946697)"
231,107.37971091270447,"(63.330367822402785, 10.080259057078566)","(63.330974871186726, 10.079867153946697)"
232,108.00086688995361,"(63.33037211958625, 10.08025848412077)","(63.33097687653901, 10.079867153946697)"
233,108.37919092178345,"(63.330376703248604, 10.080257624684078)","(63.33097888189129, 10.079867153946697)"
234,109.00001096725464,"(63.33038128691096, 10.080256765247386)","(63.33098117372247, 10.079867153946697)"
235,109.37873101234436,"(63.33038587057332, 10.080255905810693)","(63.33098346555365, 10.079867153946697)"
236,110.00001883506775,"(63.33039045423568, 10.080255046374)","(63.33098575738483, 10.079867153946697)"
237,110.37874293327332,"(63.33039475141915, 10.080254186937307)","(63.33098804921601, 10.079867153946697)"
238,111.00053000450134,"(63.33039904860262, 10.080253327500614)","(63.33099034104719, 10.079867153946697)"
239,111.37873888015747,"(63.330403632264975, 10.080252468063922)","(63.33099263287837, 10.079867153946697)"
240,112.00000190734863,"(63.330408215927335, 10.080251608627231)","(63.33099492470955, 10.079867153946697)"
241,112.3795599937439,"(63.330412799589695, 10.080250749190537)","(63.33099721654073, 10.079867153946697)"
242,113.00005292892456,"(63.330417383252055, 10.080249889753844)","(63.33099950837192, 10.079867440425595)"
243,113.378732919693,"(63.33042168043552, 10.080249030317152)","(63.3310018002031, 10.079867726904492)"
244,114.00088787078857,"(63.33042597761898, 10.08024817088046)","(63.331003805555376, 10.079867726904492)"
245,114.37875080108643,"(63.33043056128135, 10.080247311443767)","(63.331005810907655, 10.079867726904492)"
246,115.00001382827759,"(63.33043514494371, 10.080246452007074)","(63.331008102738835, 10.079867726904492)"
247,115.37970781326294,"(63.330439728606066, 10.080245592570382)","(63.33101039457002, 10.079867726904492)"
248,116.00048899650574,"(63.330444312268426, 10.08024473313369)","(63.3310126864012, 10.079867726904492)"
249,116.37888288497925,"(63.33044889593079, 10.080243873696997)","(63.33101497823238, 10.079867726904492)"
250,117.00009989738464,"(63.33045347959316, 10.080243014260303)","(63.33101727006356, 10.079867726904492)"
251,117.37881088256836,"(63.330457776776626, 10.08024215482361)","(63.33101956189474, 10.079867726904492)"
252,118.0002989768982,"(63.330462073960085, 10.080241295386918)","(63.33102185372592, 10.079867726904492)"
253,118.37942695617676,"(63.33046665762244, 10.080240435950225)","(63.3310241455571, 10.079867726904492)"
254,119.00093698501587,"(63.3304712412848, 10.080239576513533)","(63.33102615090938, 10.079867726904492)"
255,119.37916898727417,"(63.33047582494716, 10.080238717076838)","(63.33102815626167, 10.079867726904492)"
256,120.00023889541626,"(63.33048040860952, 10.080237857640146)","(63.33103016161395, 10.07986801338339)"
257,120.37937998771667,"(63.33048470579298, 10.080236998203453)","(63.33103216696623, 10.079868299862287)"
258,121.00057888031006,"(63.33048900297646, 10.080236138766763)","(63.33103388583962, 10.079868872820082)"
259,121.3787579536438,"(63.330493586638816, 10.080235279330068)","(63.33103560471301, 10.079869445777877)"
260,122.0006148815155,"(63.330498170301176, 10.080234419893376)","(63.331037610065295, 10.079870018735672)"
261,122.37881088256836,"(63.33050275396353, 10.080233560456684)","(63.33103961541757, 10.079870591693469)"
262,123.00088500976562,"(63.33050733762589, 10.080232701019991)","(63.33104133429096, 10.07987145113016)"
263,123.3787488937378,"(63.330511634809355, 10.080231841583299)","(63.331043053164336, 10.079872310566852)"
264,124.00009298324585,"(63.330515931992814, 10.080230982146606)","(63.33104505851662, 10.079873170003545)"
265,124.37869381904602,"(63.33052051565518, 10.080230122709914)","(63.33104706386891, 10.079874029440239)"
266,125.00007390975952,"(63.33052509931755, 10.08022926327322)","(63.33104935570009, 10.079875461834726)"
267,125.37873196601868,"(63.33052939650101, 10.080228403836527)","(63.33105164753127, 10.079876894229214)"
268,126.0,"(63.33053369368447, 10.080227544399834)","(63.331053652883554, 10.079878040144806)"
269,126.37971496582031,"(63.33053827734683, 10.080226684963142)","(63.33105565823583, 10.079879186060396)"
270,127.00049495697021,"(63.33054286100919, 10.08022582552645)","(63.33105795006701, 10.079880618454883)"
271,127.37873888015747,"(63.33054744467155, 10.080224966089757)","(63.33106024189819, 10.07988205084937)"
272,128.0009799003601,"(63.33055202833392, 10.080224106653064)","(63.33106253372938, 10.079883483243858)"
273,128.3787968158722,"(63.330556039038484, 10.080223533695268)","(63.33106482556056, 10.079884915638345)"
274,129.0003788471222,"(63.33056004974304, 10.080222960737473)","(63.331066830912846, 10.079886061553935)"
275,129.37934398651123,"(63.33056434692651, 10.080222387779678)","(63.33106883626513, 10.079887207469527)"
276,129.99998593330383,"(63.33056864410998, 10.080221814821883)","(63.331070841617404, 10.079888353385117)"
277,130.37877702713013,"(63.33057294129344, 10.080221814821883)","(63.33107284696968, 10.079889499300707)"
278,131.00001692771912,"(63.330577238476906, 10.080221814821883)","(63.33107485232196, 10.0798903587374)"
279,131.37878680229187,"(63.330581822139266, 10.08022210130078)","(63.33107685767425, 10.079891218174092)"
280,132.00002002716064,"(63.330586405801625, 10.080222387779678)","(63.331078863026534, 10.079891791131889)"
281,132.37876987457275,"(63.33059070298509, 10.08022324721637)","(63.33108086837882, 10.079892364089684)"
282,133.00001788139343,"(63.33059500016855, 10.080224106653064)","(63.331082587252205, 10.079892650568581)"
283,133.37941598892212,"(63.33059958383092, 10.080225252568653)","(63.33108430612559, 10.079892937047477)"
284,134.00003099441528,"(63.33060416749328, 10.080226398484243)","(63.331086311477875, 10.079893223526375)"
285,134.38168382644653,"(63.33060846467674, 10.080227544399833)","(63.33108831683016, 10.079893510005272)"
286,135.00001692771912,"(63.3306127618602, 10.080228690315424)","(63.33109060866134, 10.079893510005272)"
287,135.379047870636,"(63.33061734552256, 10.08023040918881)","(63.33109290049252, 10.079893510005272)"
288,136.00090098381042,"(63.33062192918492, 10.080232128062194)","(63.3310951923237, 10.07989379648417)"
289,136.37872791290283,"(63.33062622636838, 10.080233560456684)","(63.331097484154874, 10.079894082963067)"
290,137.0002248287201,"(63.33063052355185, 10.080234992851171)","(63.331099775986054, 10.079894082963067)"
291,137.37873888015747,"(63.330635107214206, 10.080236711724556)","(63.331102067817234, 10.079894082963067)"
292,138.00009393692017,"(63.33063969087657, 10.080238430597941)","(63.33110435964842, 10.079894082963067)"
293,138.37876200675964,"(63.33064398806003, 10.080240149471326)","(63.33110665147961, 10.079894082963067)"
294,139.0008828639984,"(63.3306482852435, 10.080241868344713)","(63.33110922978968, 10.079894082963067)"
295,139.37882494926453,"(63.33065286890586, 10.0802435872181)","(63.331111808099756, 10.079894082963067)"
296,139.99995183944702,"(63.33065745256822, 10.080245306091484)","(63.331114099930936, 10.079894082963067)"
297,140.3787338733673,"(63.330661749751684, 10.08024702496487)","(63.331116391762116, 10.079894082963067)"
298,140.99998688697815,"(63.33066604693514, 10.080248743838254)","(63.331118683593296, 10.079894082963067)"
299,141.37874293327332,"(63.3306706305975, 10.08025046271164)","(63.331120975424476, 10.079894082963067)"
300,142.00091099739075,"(63.33067521425986, 10.080252181585026)","(63.33112326725566, 10.079894082963067)"
301,142.37911987304688,"(63.330679511443336, 10.08025390045841)","(63.33112555908684, 10.079894082963067)"
302,143.0001528263092,"(63.3306838086268, 10.080255619331796)","(63.33112785091802, 10.079894082963067)"
303,143.37902688980103,"(63.33068839228916, 10.08025733820518)","(63.3311301427492, 10.079894082963067)"
304,144.00034880638123,"(63.330692975951514, 10.080259057078566)","(63.33113243458038, 10.07989379648417)"
305,144.37967586517334,"(63.33069727313498, 10.080260775951952)","(63.33113472641156, 10.079893510005272)"
306,145.0009479522705,"(63.330701570318446, 10.080262494825337)","(63.331137304721636, 10.079893510005272)"
307,145.37949585914612,"(63.3307061539808, 10.080264213698722)","(63.33113988303171, 10.079893510005272)"
308,146.00064992904663,"(63.33071073764316, 10.08026593257211)","(63.3311421748629, 10.079893510005272)"
309,146.37923979759216,"(63.330715034826625, 10.080267651445494)","(63.331144466694084, 10.079893510005272)"
310,147.00011491775513,"(63.3307193320101, 10.080269370318879)","(63.331146758525264, 10.079893510005272)"
311,147.37916493415833,"(63.33072391567246, 10.080271089192266)","(63.331149050356444, 10.079893510005272)"
312,147.99997282028198,"(63.33072849933482, 10.08027280806565)","(63.331151342187624, 10.079893510005272)"
313,148.37963390350342,"(63.33073279651828, 10.080274526939036)","(63.331153634018804, 10.079893510005272)"
314,148.9997878074646,"(63.33073709370174, 10.08027624581242)","(63.331155925849984, 10.079893510005272)"
315,149.37873697280884,"(63.3307416773641, 10.080277678206908)","(63.331158217681164, 10.079893510005272)"
316,150.00038981437683,"(63.33074626102646, 10.080279110601396)","(63.331160509512344, 10.079893510005272)"
317,150.38020181655884,"(63.33075055820993, 10.08028082947478)","(63.33116280134352, 10.079893510005272)"
318,151.00022292137146,"(63.330754855393394, 10.080282548348167)","(63.331165093174704, 10.079893510005272)"
319,151.37941479682922,"(63.330759439055754, 10.080284267221552)","(63.33116738500589, 10.079893510005272)"
320,152.0004858970642,"(63.330764022718114, 10.080285986094937)","(63.33116967683707, 10.079893223526375)"
321,152.37975192070007,"(63.33076831990158, 10.080287704968324)","(63.33117196866825, 10.079892937047477)"
322,152.99998784065247,"(63.33077261708504, 10.080289423841709)","(63.33117426049943, 10.079892937047477)"
323,153.3788628578186,"(63.3307772007474, 10.080291142715094)","(63.33117655233061, 10.079892937047477)"
324,154.0001130104065,"(63.33078178440976, 10.080292861588479)","(63.331178844161784, 10.079892937047477)"
325,154.37947702407837,"(63.33078608159323, 10.080294580461864)","(63.33118113599296, 10.079892937047477)"
326,155.00017094612122,"(63.3307903787767, 10.08029629933525)","(63.33118342782414, 10.079892937047477)"
327,155.37878584861755,"(63.33079496243906, 10.080298018208637)","(63.33118571965532, 10.079892937047477)"
328,156.00001883506775,"(63.33079954610141, 10.080299737082022)","(63.33118801148651, 10.079892937047477)"
329,156.3788139820099,"(63.330803843284876, 10.080301455955407)","(63.3311903033177, 10.079892937047477)"
330,157.00012803077698,"(63.33080814046834, 10.080303174828792)","(63.33119259514888, 10.079892937047477)"
331,157.37874484062195,"(63.330812724130695, 10.080304893702177)","(63.33119488698006, 10.079892937047477)"
332,158.0000138282776,"(63.330817307793055, 10.080306612575562)","(63.33119717881124, 10.079892937047477)"
333,158.37875485420227,"(63.33082131849763, 10.08030804497005)","(63.33119947064241, 10.079892937047477)"
334,158.99999594688416,"(63.33082532920219, 10.080309477364539)","(63.33120176247359, 10.079892650568581)"
335,159.37972402572632,"(63.33082962638565, 10.080310623280129)","(63.33120405430477, 10.079892364089684)"
336,160.00031185150146,"(63.33083392356912, 10.080311769195719)","(63.33120634613595, 10.079892364089684)"
337,160.37919187545776,"(63.33083822075258, 10.080312628632411)","(63.33120863796713, 10.079892364089684)"
338,161.0005829334259,"(63.33084251793604, 10.080313488069104)","(63.33121092979832, 10.079892364089684)"
339,161.37952494621277,"(63.330846815119514, 10.080313774548001)","(63.331213221629504, 10.079892364089684)"
340,162.00036597251892,"(63.33085111230298, 10.080314061026899)","(63.331215513460684, 10.079892364089684)"
341,162.37994289398193,"(63.33085569596534, 10.080314061026899)","(63.331217805291864, 10.079892364089684)"
342,163.00069499015808,"(63.3308602796277, 10.080314061026899)","(63.33122009712304, 10.079892364089684)"
343,163.37963795661926,"(63.330864576811166, 10.080313774548001)","(63.33122238895422, 10.079892364089684)"
344,164.00092887878418,"(63.330868873994625, 10.080313488069104)","(63.3312246807854, 10.079892364089684)"
345,164.37876796722412,"(63.33087345765698, 10.080312915111309)","(63.33122697261658, 10.079892364089684)"
346,165.00085186958313,"(63.33087804131934, 10.080312342153514)","(63.33122926444776, 10.079892364089684)"
347,165.37965989112854,"(63.330882624981705, 10.080311482716821)","(63.33123155627894, 10.079892364089684)"
348,166.0009310245514,"(63.33088720864407, 10.080310623280129)","(63.33123384811012, 10.079892364089684)"
349,166.37875485420227,"(63.33089150582754, 10.080309477364539)","(63.331236139941296, 10.079892364089684)"
350,167.0000820159912,"(63.330895803010996, 10.080308331448949)","(63.331238431772476, 10.079892077610786)"
351,167.37906289100647,"(63.33090038667335, 10.080307472012255)","(63.33124072360366, 10.079891791131889)"
352,168.00023484230042,"(63.33090497033571, 10.080306612575562)","(63.33124301543484, 10.079891791131889)"
353,168.37957787513733,"(63.330909553998076, 10.080305466659972)","(63.33124530726602, 10.079891791131889)"
354,169.00110983848572,"(63.33091413766044, 10.080304320744382)","(63.3312475990972, 10.079891791131889)"
355,169.37977385520935,"(63.33091843484391, 10.080303174828792)","(63.33124989092838, 10.079891791131889)"
356,170.00092697143555,"(63.33092273202737, 10.0803020289132)","(63.33125218275956, 10.079891791131889)"
357,170.37966179847717,"(63.33092731568973, 10.080300882997612)","(63.33125447459074, 10.079891791131889)"
358,171.0000388622284,"(63.33093189935209, 10.080299737082022)","(63.33125676642192, 10.079891791131889)"
359,171.37898993492126,"(63.33093648301444, 10.080298304687535)","(63.3312590582531, 10.079891791131889)"
360,172.00015687942505,"(63.3309410666768, 10.080296872293045)","(63.33126135008429, 10.079891791131889)"
361,172.3793408870697,"(63.330945363860266, 10.080295726377456)","(63.33126364191547, 10.079891791131889)"
362,173.0008978843689,"(63.33094966104374, 10.080294580461866)","(63.33126593374665, 10.079891791131889)"
363,173.37882781028748,"(63.3309542447061, 10.080293434546274)","(63.33126822557783, 10.079891791131889)"
364,174.0005509853363,"(63.33095882836846, 10.080292288630684)","(63.33127051740901, 10.079891791131889)"
365,174.37926387786865,"(63.33096312555192, 10.080290856236196)","(63.33127280924019, 10.079891791131889)"
366,175.00087189674377,"(63.330967422735384, 10.080289423841709)","(63.33127510107137, 10.079891504652991)"
367,175.37951183319092,"(63.330972006397744, 10.080288277926119)","(63.33127739290255, 10.079891218174092)"
368,176.00090384483337,"(63.330976590060104, 10.080287132010529)","(63.33127968473373, 10.079891218174092)"
369,176.37971091270447,"(63.33098117372246, 10.080285986094939)","(63.33128197656491, 10.079891218174092)"
370,177.0006549358368,"(63.33098575738483, 10.080284840179347)","(63.33128426839609, 10.079891218174092)"
371,177.3796989917755,"(63.33099005456829, 10.08028340778486)","(63.33128656022728, 10.079891218174092)"
372,178.00082397460938,"(63.330994351751755, 10.080281975390372)","(63.33128885205846, 10.079891218174092)"
373,178.37968492507935,"(63.330998935414115, 10.08028082947478)","(63.331291143889636, 10.079891218174092)"
374,179.00823593139648,"(63.331003519076475, 10.08027968355919)","(63.331293149241915, 10.079891218174092)"
375,179.37894296646118,"(63.33100781625994, 10.0802785376436)","(63.3312951545942, 10.079891218174092)"
376,180.00001001358032,"(63.3310121134434, 10.08027739172801)","(63.33129744642538, 10.079891218174092)"
377,180.37949585914612,"(63.33101669710577, 10.080275959333523)","(63.33129973825656, 10.079891218174092)"
378,181.00011587142944,"(63.33102128076813, 10.080274526939034)","(63.33130203008774, 10.079891218174092)"
379,181.3794310092926,"(63.33102586443049, 10.080273381023446)","(63.33130432191892, 10.079891218174092)"
380,182.0009229183197,"(63.33103044809285, 10.080272235107856)","(63.3313066137501, 10.079891218174092)"
381,182.37892389297485,"(63.33103474527631, 10.080271089192266)","(63.33130890558128, 10.079891218174092)"
382,183.00001192092896,"(63.33103904245977, 10.080269943276674)","(63.33131119741246, 10.079890931695195)"
383,183.3795189857483,"(63.33104362612214, 10.080268510882187)","(63.33131348924364, 10.079890645216297)"
384,183.999981880188,"(63.331048209784505, 10.080267078487699)","(63.33131578107482, 10.079890645216297)"
385,184.3797128200531,"(63.331052506967964, 10.080265932572107)","(63.33131807290601, 10.079890645216297)"
386,185.00095891952515,"(63.33105680415143, 10.080264786656517)","(63.33132036473719, 10.079890645216297)"
387,185.37959790229797,"(63.33106138781379, 10.080263640740927)","(63.33132265656837, 10.079890645216297)"
388,186.000070810318,"(63.33106597147614, 10.080262494825337)","(63.33132494839955, 10.079890645216297)"
389,186.37933993339539,"(63.33107055513851, 10.08026106243085)","(63.33132724023073, 10.079890645216297)"
390,187.00004291534424,"(63.33107513880088, 10.08025963003636)","(63.33132953206191, 10.079890645216297)"
391,187.37891292572021,"(63.331079435984336, 10.080258484120773)","(63.33133182389309, 10.079890645216297)"
392,188.00051283836365,"(63.3310837331678, 10.080257338205183)","(63.33133382924537, 10.079890645216297)"
393,188.37902998924255,"(63.33108831683016, 10.080255905810695)","(63.33133583459765, 10.079890645216297)"
394,189.0000078678131,"(63.33109290049252, 10.080254473416206)","(63.33133812642883, 10.079890645216297)"
395,189.3794229030609,"(63.33109719767599, 10.080253327500616)","(63.33134041826001, 10.079890645216297)"
396,190.00005984306335,"(63.331101494859446, 10.080252181585026)","(63.33134271009119, 10.079890645216297)"
397,190.378830909729,"(63.33110607852181, 10.080251035669434)","(63.33134500192237, 10.079890645216297)"
398,191.0005578994751,"(63.33111066218417, 10.080249889753844)","(63.33134729375355, 10.0798903587374)"
399,191.3791949748993,"(63.33111524584653, 10.080248457359357)","(63.33134958558474, 10.079890072258502)"
400,191.99998092651367,"(63.33111982950889, 10.08024702496487)","(63.33135187741592, 10.079890072258502)"
401,192.37884283065796,"(63.33112412669236, 10.08024587904928)","(63.3313541692471, 10.079890072258502)"
402,193.00088095664978,"(63.33112842387582, 10.08024473313369)","(63.33135646107828, 10.079890072258502)"
403,193.37977290153503,"(63.33113300753818, 10.0802435872181)","(63.33135875290946, 10.079890072258502)"
404,194.00030899047852,"(63.33113759120054, 10.080242441302508)","(63.33136104474064, 10.079890072258502)"
405,194.37908697128296,"(63.331141888383996, 10.08024100890802)","(63.33136333657182, 10.079890072258502)"
406,195.00056886672974,"(63.33114618556746, 10.080239576513533)","(63.331365628403, 10.079890072258502)"
407,195.37936902046204,"(63.33115076922982, 10.080238430597941)","(63.33136792023418, 10.079890072258502)"
408,196.00041890144348,"(63.33115535289219, 10.080237284682351)","(63.331370212065366, 10.079890072258502)"
409,196.3790979385376,"(63.33115965007565, 10.080236138766761)","(63.331372503896546, 10.079890072258502)"
410,197.00091099739075,"(63.331163947259114, 10.080234992851171)","(63.33137450924883, 10.079890072258502)"
411,197.37937688827515,"(63.331168530921474, 10.080233560456684)","(63.33137651460112, 10.079890072258502)"
412,198.00058698654175,"(63.331173114583834, 10.080232128062194)","(63.3313788064323, 10.079890072258502)"
413,198.37901782989502,"(63.3311771252884, 10.080230982146606)","(63.33138109826347, 10.079890072258502)"
414,199.00015592575073,"(63.33118113599296, 10.080229836231016)","(63.33138339009465, 10.079889785779605)"
415,199.3796489238739,"(63.33118543317643, 10.080228976794324)","(63.33138568192583, 10.079889499300707)"
416,200.00069999694824,"(63.331189730359895, 10.08022811735763)","(63.33138797375701, 10.079889499300707)"
417,200.37928295135498,"(63.33119402754336, 10.080227830878732)","(63.33139026558819, 10.079889499300707)"
418,201.00086092948914,"(63.33119832472682, 10.080227544399834)","(63.33139255741937, 10.079889499300707)"
419,201.37873482704163,"(63.33120290838919, 10.080227544399834)","(63.33139484925055, 10.079889499300707)"
420,202.00009298324585,"(63.33120749205155, 10.080227544399834)","(63.33139714108173, 10.079889499300707)"
421,202.37864995002747,"(63.33121178923501, 10.080227830878732)","(63.33139943291291, 10.079889499300707)"
422,202.9999749660492,"(63.33121608641847, 10.08022811735763)","(63.3314017247441, 10.079889499300707)"
423,203.37887287139893,"(63.33122067008083, 10.080228690315424)","(63.33140401657528, 10.079889499300707)"
424,204.00002193450928,"(63.33122525374319, 10.08022926327322)","(63.33140602192756, 10.079889499300707)"
425,204.37971591949463,"(63.33122955092665, 10.080230122709914)","(63.33140802727985, 10.079889499300707)"
426,205.00009083747864,"(63.33123384811012, 10.080230982146606)","(63.33141031911103, 10.079889499300707)"
427,205.3794388771057,"(63.331238431772476, 10.080232128062196)","(63.3314126109422, 10.079889499300707)"
428,206.00031280517578,"(63.33124301543484, 10.080233273977786)","(63.33141490277338, 10.079889499300707)"
429,206.378723859787,"(63.3312475990972, 10.080234706372273)","(63.33141719460456, 10.079889499300707)"
430,207.00040483474731,"(63.33125218275956, 10.080236138766763)","(63.33141948643574, 10.07988921282181)"
431,207.37929701805115,"(63.33125647994302, 10.080237284682351)","(63.33142177826692, 10.079888926342912)"
432,208.00060391426086,"(63.33126077712649, 10.080238430597941)","(63.3314240700981, 10.079888926342912)"
433,208.37962579727173,"(63.331265360788855, 10.08023957651353)","(63.33142636192928, 10.079888926342912)"
434,209.00043988227844,"(63.33126994445122, 10.080240722429123)","(63.33142865376047, 10.079888926342912)"
435,209.37940502166748,"(63.33127424163469, 10.08024215482361)","(63.33143094559165, 10.079888926342912)"
436,210.00010681152344,"(63.33127853881815, 10.080243587218098)","(63.33143323742283, 10.079888926342912)"
437,210.37964797019958,"(63.3312831224805, 10.080245019612587)","(63.33143552925401, 10.079888926342912)"
438,211.00095582008362,"(63.33128770614286, 10.080246452007074)","(63.331437534606295, 10.079888926342912)"
439,211.37888979911804,"(63.33129228980522, 10.080247597922664)","(63.33143953995858, 10.079888926342912)"
440,212.00017285346985,"(63.33129687346758, 10.080248743838254)","(63.33144183178976, 10.079888926342912)"
441,212.37891292572021,"(63.331301170651045, 10.080250176232742)","(63.33144412362093, 10.079888926342912)"
442,213.00000596046448,"(63.33130546783452, 10.080251608627231)","(63.33144641545211, 10.079888926342912)"
443,213.37961602210999,"(63.33131005149688, 10.08025275454282)","(63.33144870728329, 10.079888926342912)"
444,214.00022101402283,"(63.33131463515924, 10.08025390045841)","(63.33145099911447, 10.079888926342912)"
445,214.37886381149292,"(63.33131921882159, 10.080255046374)","(63.33145329094565, 10.079888926342912)"
446,214.99998688697815,"(63.33132380248395, 10.08025619228959)","(63.33145558277683, 10.079888639864015)"
447,215.37889790534973,"(63.33132809966742, 10.080257624684078)","(63.33145787460801, 10.079888353385117)"
448,216.00041580200195,"(63.331332396850875, 10.080259057078566)","(63.3314601664392, 10.079888353385117)"
449,216.38187789916992,"(63.33133698051324, 10.080260202994157)","(63.33146245827038, 10.079888353385117)"
450,217.0006399154663,"(63.33134156417561, 10.080261348909747)","(63.33146475010156, 10.079888353385117)"
451,217.37905502319336,"(63.33134586135907, 10.080262781304235)","(63.33146704193274, 10.079888353385117)"
452,217.999990940094,"(63.331350158542534, 10.080264213698722)","(63.331469047285026, 10.079888353385117)"
453,218.3792200088501,"(63.331354742204894, 10.080265359614312)","(63.33147105263731, 10.079888353385117)"
454,219.00006079673767,"(63.331359325867254, 10.080266505529904)","(63.33147334446849, 10.079888353385117)"
455,219.38032293319702,"(63.33136362305072, 10.080267651445492)","(63.331475636299665, 10.079888353385117)"
456,220.00073885917664,"(63.33136792023418, 10.080268797361082)","(63.331477928130845, 10.079888353385117)"
457,220.37883591651917,"(63.331372503896546, 10.08027022975557)","(63.331480219962025, 10.079888353385117)"
458,220.99999594688416,"(63.331377087558906, 10.080271662150059)","(63.331482511793205, 10.079888353385117)"
459,221.37932991981506,"(63.331381671221266, 10.080272808065649)","(63.331484803624384, 10.079888353385117)"
460,222.00077486038208,"(63.331386254883625, 10.080273953981239)","(63.331487095455564, 10.079888353385117)"
461,222.3787829875946,"(63.33139055206709, 10.080274813417933)","(63.331489387286744, 10.079888353385117)"
462,223.00050282478333,"(63.33139484925055, 10.080275672854626)","(63.33149167911793, 10.079888066906218)"
463,223.37875699996948,"(63.33139943291292, 10.080276818770216)","(63.33149397094912, 10.07988778042732)"
464,224.00086998939514,"(63.33140401657528, 10.080277964685807)","(63.3314959763014, 10.07988778042732)"
465,224.3787808418274,"(63.33140860023764, 10.080279110601396)","(63.33149798165368, 10.07988778042732)"
466,225.00009083747864,"(63.3314131839, 10.080280256516986)","(63.33150055996376, 10.07988778042732)"
467,225.39191198349,"(63.33141748108346, 10.080281402432576)","(63.33150313827383, 10.07988778042732)"
468,226.0009229183197,"(63.33142177826692, 10.080282548348167)","(63.33150514362612, 10.07988778042732)"
469,226.378741979599,"(63.33142636192929, 10.080283694263757)","(63.331507148978396, 10.07988778042732)"
470,227.0001208782196,"(63.33143094559165, 10.080284840179347)","(63.331509440809576, 10.07988778042732)"
471,227.37936997413635,"(63.331435242775115, 10.08028569961604)","(63.331511732640756, 10.07988778042732)"
472,228.00037097930908,"(63.33143953995858, 10.080286559052732)","(63.331514024471936, 10.07988778042732)"
473,228.3920648097992,"(63.33144412362094, 10.080287704968324)","(63.331516316303116, 10.07988778042732)"
474,229.0009229183197,"(63.33144870728329, 10.080288850883914)","(63.331518608134296, 10.07988778042732)"
475,229.37889194488525,"(63.33145329094565, 10.080289710320606)","(63.331520899965476, 10.07988778042732)"
476,230.00022888183594,"(63.33145787460801, 10.080290569757299)","(63.331522905317755, 10.07988778042732)"
477,230.37876200675964,"(63.33146217179147, 10.080291715672889)","(63.33152491067004, 10.07988778042732)"
478,231.00008583068848,"(63.33146646897494, 10.080292861588479)","(63.33152720250123, 10.079887493948423)"
479,231.37873196601868,"(63.3314710526373, 10.080293721025171)","(63.331529494332415, 10.079887207469527)"
480,232.00021386146545,"(63.331475636299665, 10.080294580461866)","(63.331531786163595, 10.079887207469527)"
481,232.37859392166138,"(63.331480219962025, 10.080295439898558)","(63.331534077994775, 10.079887207469527)"
482,233.00086498260498,"(63.331484803624384, 10.08029629933525)","(63.331536369825955, 10.079887207469527)"
483,233.3795199394226,"(63.33148881432895, 10.080297158771943)","(63.33153866165713, 10.079887207469527)"
484,234.00072979927063,"(63.33149282503352, 10.080298018208635)","(63.33154095348831, 10.079887207469527)"
485,234.37966299057007,"(63.33149712221699, 10.080298304687533)","(63.33154324531949, 10.079887207469527)"
486,235.0008249282837,"(63.331501419400446, 10.08029859116643)","(63.33154553715067, 10.079887207469527)"
487,235.37852501869202,"(63.331505716583905, 10.08029887764533)","(63.33154782898185, 10.079887207469527)"
488,236.00088500976562,"(63.33151001376737, 10.080299164124227)","(63.331550120813034, 10.079887207469527)"
489,236.37872886657715,"(63.33151431095084, 10.080298591166432)","(63.33155241264422, 10.079887207469527)"
490,237.00032591819763,"(63.331518608134296, 10.080298018208635)","(63.3315544179965, 10.079887207469527)"
491,237.37918186187744,"(63.33152319179666, 10.08029744525084)","(63.33155642334877, 10.079887207469527)"
492,237.9999828338623,"(63.33152777545902, 10.080296872293045)","(63.33155871517996, 10.079887207469527)"
493,238.37881088256836,"(63.331531786163595, 10.080296012856351)","(63.331561007011146, 10.079887207469527)"
494,239.0002088546753,"(63.33153579686816, 10.080295153419659)","(63.331563298842326, 10.07988692099063)"
495,239.37876200675964,"(63.33154009405162, 10.080294293982966)","(63.331565590673506, 10.079886634511732)"
496,240.00042295455933,"(63.331544391235084, 10.080293434546276)","(63.331567882504686, 10.079886634511732)"
497,240.37937593460083,"(63.33154868841855, 10.080293148067376)","(63.33157017433586, 10.079886634511732)"
498,241.00084781646729,"(63.33155298560201, 10.080292861588479)","(63.33157246616704, 10.079886634511732)"
499,241.37873792648315,"(63.33155756926437, 10.080292575109581)","(63.33157475799822, 10.079886634511732)"
500,242.00018501281738,"(63.33156215292673, 10.080292288630684)","(63.3315770498294, 10.079886634511732)"
501,242.3791208267212,"(63.33156645011019, 10.080292575109581)","(63.33157934166058, 10.079886634511732)"
502,243.00078988075256,"(63.331570747293654, 10.080292861588479)","(63.33158134701286, 10.079886634511732)"
503,243.37872886657715,"(63.331575330956014, 10.080293148067376)","(63.33158335236514, 10.079886634511732)"
504,244.00017094612122,"(63.33157991461838, 10.080293434546276)","(63.33158564419633, 10.079886634511732)"
505,244.3797779083252,"(63.331583925322946, 10.08029400750407)","(63.33158793602752, 10.079886634511732)"
506,245.00029802322388,"(63.33158793602752, 10.080294580461866)","(63.3315902278587, 10.079886634511732)"
507,245.37885284423828,"(63.33159251968988, 10.080294580461866)","(63.33159251968988, 10.079886634511732)"
508,246.00014185905457,"(63.33159710335224, 10.080294580461866)","(63.33159481152106, 10.079886634511732)"
509,246.37933588027954,"(63.3316014005357, 10.080294580461866)","(63.33159710335224, 10.079886634511732)"
510,247.00040102005005,"(63.33160569771916, 10.080294580461866)","(63.33159939518342, 10.079886348032835)"
511,247.37891483306885,"(63.33160999490262, 10.080293721025171)","(63.3316016870146, 10.079886061553937)"
512,248.0008888244629,"(63.33161429208609, 10.080292861588479)","(63.33160397884578, 10.079886061553937)"
513,248.37926292419434,"(63.33161858926955, 10.080292002151786)","(63.33160627067695, 10.079886061553937)"
514,249.00049591064453,"(63.33162288645301, 10.080291142715094)","(63.331608276029236, 10.079886061553937)"
515,249.37880682945251,"(63.33162747011538, 10.080289710320606)","(63.33161028138152, 10.079886061553937)"
516,250.0035629272461,"(63.33163205377774, 10.080288277926119)","(63.331612573212695, 10.079886061553937)"
517,250.378830909729,"(63.331636350961205, 10.080286559052734)","(63.331614865043875, 10.079886061553937)"
518,251.00017380714417,"(63.33164064814467, 10.080284840179347)","(63.33161715687506, 10.079886061553937)"
519,251.3796730041504,"(63.33164523180703, 10.080283121305962)","(63.33161944870625, 10.079886061553937)"
520,251.99998688697815,"(63.33164981546938, 10.080281402432577)","(63.33162174053743, 10.079886061553937)"
521,252.37877583503723,"(63.33165411265284, 10.080279397080293)","(63.33162403236861, 10.079886061553937)"
522,253.0009047985077,"(63.33165840983631, 10.08027739172801)","(63.33162632419979, 10.079886061553937)"
523,253.37935090065002,"(63.331662993498675, 10.080275386375728)","(63.33162861603097, 10.079886061553937)"
524,254.0009799003601,"(63.33166757716104, 10.080273381023446)","(63.33163090786215, 10.079886061553937)"
525,254.37963795661926,"(63.33167187434451, 10.080271375671163)","(63.33163319969333, 10.079886061553937)"
526,255.00094079971313,"(63.33167617152797, 10.080269370318879)","(63.331635205045615, 10.07988577507504)"
527,255.37967991828918,"(63.33168075519033, 10.080267364966595)","(63.33163721039789, 10.079885488596142)"
528,256.0000879764557,"(63.33168533885269, 10.080265359614312)","(63.33163950222907, 10.079885488596142)"
529,256.37871980667114,"(63.331689636036145, 10.080263067783132)","(63.33164179406025, 10.079885488596142)"
530,257.000944852829,"(63.33169393321961, 10.080260775951952)","(63.331644085891426, 10.079885488596142)"
531,257.37934279441833,"(63.33169851688197, 10.08025877059967)","(63.331646377722606, 10.079885488596142)"
532,258.000186920166,"(63.33170310054434, 10.080256765247386)","(63.33164866955379, 10.079885488596142)"
533,258.37969303131104,"(63.3317071112489, 10.080254759895102)","(63.33165096138498, 10.079885488596142)"
534,259.00055599212646,"(63.33171112195346, 10.080252754542819)","(63.33165325321616, 10.079885488596142)"
535,259.37958884239197,"(63.33171541913693, 10.080251035669434)","(63.33165554504734, 10.079885488596142)"
536,260.0007309913635,"(63.331719716320386, 10.08024931679605)","(63.33165783687852, 10.079885488596142)"
537,260.37907695770264,"(63.33172401350386, 10.080247597922664)","(63.3316601287097, 10.079885488596142)"
538,261.00093603134155,"(63.331728310687325, 10.08024587904928)","(63.331662134061986, 10.079885488596142)"
539,261.3791890144348,"(63.33173260787079, 10.08024473313369)","(63.331664139414265, 10.079885488596142)"
540,262.00023794174194,"(63.33173690505425, 10.080243587218098)","(63.331666431245445, 10.079885488596142)"
541,262.37969398498535,"(63.33174148871661, 10.080243014260303)","(63.331668723076625, 10.079885488596142)"
542,263.0010139942169,"(63.33174607237897, 10.080242441302508)","(63.331671014907805, 10.079885202117243)"
543,263.3787488937378,"(63.33175036956243, 10.08024215482361)","(63.331673306738985, 10.079884915638345)"
544,264.0001308917999,"(63.331754666745894, 10.080241868344713)","(63.33167559857016, 10.079884915638345)"
545,264.3792779445648,"(63.33175896392936, 10.080241581865815)","(63.33167789040134, 10.079884915638345)"
546,265.000296831131,"(63.33176326111282, 10.080241295386918)","(63.331680182232525, 10.079884915638345)"
547,265.3795030117035,"(63.33176755829628, 10.080240722429123)","(63.33168247406371, 10.079884915638345)"
548,266.0001449584961,"(63.331771855479744, 10.080240149471328)","(63.33168476589489, 10.079884915638345)"
549,266.3795368671417,"(63.331776439142104, 10.080239003555736)","(63.33168705772607, 10.079884915638345)"
550,267.00010800361633,"(63.33178102280447, 10.080237857640146)","(63.33168906307836, 10.079884915638345)"
551,267.3793578147888,"(63.33178560646683, 10.080236425245658)","(63.33169106843064, 10.079884915638345)"
552,268.00090885162354,"(63.33179019012919, 10.080234992851171)","(63.331693360261816, 10.079884915638345)"
553,268.3787589073181,"(63.33179477379156, 10.080233273977786)","(63.331695652092996, 10.079884915638345)"
554,269.000079870224,"(63.331799357453924, 10.0802315551044)","(63.331697943924176, 10.079884915638345)"
555,269.37876081466675,"(63.33180365463738, 10.080229836231014)","(63.331700235755356, 10.079884915638345)"
556,270.00095796585083,"(63.33180795182085, 10.08022811735763)","(63.331702527586536, 10.079884915638345)"
557,270.3801019191742,"(63.33181253548321, 10.080225825526448)","(63.331704819417716, 10.079884915638345)"
558,271.00002098083496,"(63.33181711914556, 10.080223533695268)","(63.3317071112489, 10.079884629159448)"
559,271.37873101234436,"(63.33182170280792, 10.080221528342985)","(63.33170940308008, 10.07988434268055)"
560,272.0001440048218,"(63.33182628647028, 10.080219522990703)","(63.33171169491126, 10.07988434268055)"
561,272.37971901893616,"(63.33183058365374, 10.080217231159523)","(63.33171398674244, 10.07988434268055)"
562,273.0008478164673,"(63.33183488083721, 10.080214939328343)","(63.33171599209473, 10.07988434268055)"
563,273.37875485420227,"(63.33183946449957, 10.080212647497161)","(63.33171799744701, 10.07988434268055)"
564,274.0000548362732,"(63.33184404816194, 10.08021035566598)","(63.33172028927819, 10.07988434268055)"
565,274.3794708251953,"(63.3318486318243, 10.0802080638348)","(63.33172258110937, 10.07988434268055)"
566,274.9999978542328,"(63.33185321548665, 10.08020577200362)","(63.33172487294055, 10.07988434268055)"
567,275.3788878917694,"(63.33185751267011, 10.08020348017244)","(63.33172716477173, 10.07988434268055)"
568,276.00003600120544,"(63.33186180985358, 10.080201188341258)","(63.33172945660291, 10.07988434268055)"
569,276.37875294685364,"(63.331866393515945, 10.080198896510078)","(63.33173174843409, 10.07988434268055)"
570,277.0000858306885,"(63.33187097717831, 10.080196604678898)","(63.33173404026527, 10.07988434268055)"
571,277.3791379928589,"(63.33187556084067, 10.080194312847716)","(63.33173633209645, 10.07988434268055)"
572,278.0000698566437,"(63.331880144503025, 10.080192021016536)","(63.331738623927635, 10.07988434268055)"
573,278.3790988922119,"(63.33188444168648, 10.080189729185356)","(63.331740915758814, 10.07988434268055)"
574,279.00030398368835,"(63.33188873886995, 10.080187437354176)","(63.3317429211111, 10.079884056201653)"
575,279.37872791290283,"(63.331893322532316, 10.080185145522996)","(63.33174492646339, 10.079883769722755)"
576,280.0004999637604,"(63.33189790619468, 10.080182853691815)","(63.331747218294566, 10.079883769722755)"
577,280.378741979599,"(63.33190220337815, 10.080180561860633)","(63.33174951012574, 10.079883769722755)"
578,280.9999978542328,"(63.33190650056161, 10.080178270029453)","(63.33175180195692, 10.079883769722755)"
579,281.3795418739319,"(63.33191108422397, 10.080175978198273)","(63.3317540937881, 10.079883769722755)"
580,282.00000190734863,"(63.33191566788633, 10.080173686367091)","(63.33175638561928, 10.079883769722755)"
581,282.38405585289,"(63.33191996506979, 10.08017139453591)","(63.33175867745046, 10.079883769722755)"
582,282.9999969005585,"(63.33192426225325, 10.08016910270473)","(63.33176096928164, 10.079883769722755)"
583,283.37901186943054,"(63.33192884591561, 10.08016681087355)","(63.33176326111282, 10.079883769722755)"
584,284.01784491539,"(63.33193342957798, 10.08016451904237)","(63.331765552944, 10.079883769722755)"
585,284.378732919693,"(63.33193772676144, 10.08016222721119)","(63.33176784477518, 10.079883769722755)"
586,285.0012300014496,"(63.331942023944904, 10.080159935380008)","(63.33176985012746, 10.079883769722755)"
587,285.37875390052795,"(63.331946607607264, 10.080157643548828)","(63.331771855479744, 10.079883769722755)"
588,285.99999499320984,"(63.331951191269624, 10.080155351717648)","(63.33177414731093, 10.079883769722755)"
589,286.37897086143494,"(63.33195548845309, 10.080153059886467)","(63.33177643914212, 10.079883769722755)"
590,287.00044989585876,"(63.33195978563655, 10.080150768055287)","(63.3317787309733, 10.079883483243858)"
591,287.38798689842224,"(63.331964369298916, 10.080148476224107)","(63.33178102280447, 10.07988319676496)"
592,288.0002238750458,"(63.33196895296128, 10.080146184392927)","(63.33178331463565, 10.07988319676496)"
593,288.3792679309845,"(63.33197325014474, 10.080143892561745)","(63.33178560646683, 10.07988319676496)"
594,289.00035095214844,"(63.33197754732821, 10.080141600730563)","(63.33178789829801, 10.07988319676496)"
595,289.3797378540039,"(63.33198213099057, 10.080139308899383)","(63.33179019012919, 10.07988319676496)"
596,290.00001096725464,"(63.33198671465292, 10.080137017068203)","(63.33179219548147, 10.07988319676496)"
597,290.379695892334,"(63.33199101183638, 10.080134725237023)","(63.331794200833755, 10.07988319676496)"
598,291.0005898475647,"(63.331995309019845, 10.080132433405842)","(63.331796492664935, 10.07988319676496)"
599,291.37874484062195,"(63.331999892682205, 10.080130141574662)","(63.331798784496115, 10.07988319676496)"
600,292.0000538825989,"(63.332004476344565, 10.080127849743482)","(63.331801076327295, 10.07988319676496)"
601,292.37890696525574,"(63.33200877352803, 10.0801255579123)","(63.331803368158475, 10.07988319676496)"
602,293.00001287460327,"(63.332013070711504, 10.08012326608112)","(63.33180565998966, 10.07988319676496)"
603,293.3793349266052,"(63.332017654373864, 10.08012097424994)","(63.33180795182085, 10.07988319676496)"
604,294.0009858608246,"(63.332022238036224, 10.08011868241876)","(63.33181024365203, 10.07988319676496)"
605,294.3789269924164,"(63.33202653521968, 10.08011639058758)","(63.3318125354832, 10.07988319676496)"
606,295.00087785720825,"(63.33203083240315, 10.080114098756399)","(63.33181482731438, 10.079882910286063)"
607,295.3799469470978,"(63.33203541606551, 10.080111806925217)","(63.33181711914556, 10.079882623807165)"
608,295.9999969005585,"(63.33203999972786, 10.080109515094037)","(63.33181912449785, 10.079882623807165)"
609,296.37877893447876,"(63.332044296911334, 10.080107223262857)","(63.331821129850134, 10.079882623807165)"
610,297.00095796585083,"(63.3320485940948, 10.080104931431675)","(63.33182342168131, 10.079882623807165)"
611,297.3787410259247,"(63.332052891278266, 10.080102639600495)","(63.33182571351249, 10.079882623807165)"
612,298.00027894973755,"(63.332057188461725, 10.080100347769315)","(63.33182800534367, 10.079882623807165)"
613,298.3787899017334,"(63.332061772124085, 10.080098055938134)","(63.33183029717485, 10.079882623807165)"
614,299.00003385543823,"(63.332066355786445, 10.080095764106954)","(63.33183258900603, 10.079882623807165)"
615,299.3793499469757,"(63.332070652969904, 10.080093472275774)","(63.33183488083721, 10.079882623807165)"
616,300.000834941864,"(63.33207495015337, 10.080091180444594)","(63.33183717266839, 10.079882623807165)"
617,300.3795258998871,"(63.33207953381574, 10.080088888613414)","(63.33183946449958, 10.079882623807165)"
618,301.0006718635559,"(63.332084117478104, 10.080086596782232)","(63.33184175633076, 10.079882623807165)"
619,301.37873697280884,"(63.33208841466157, 10.080084304951052)","(63.33184404816194, 10.079882623807165)"
620,302.00098180770874,"(63.33209271184503, 10.080082013119872)","(63.33184605351423, 10.079882623807165)"
621,302.3789429664612,"(63.33209700902849, 10.08007972128869)","(63.331848058866505, 10.079882623807165)"
622,303.00007700920105,"(63.33210130621195, 10.08007742945751)","(63.331850350697685, 10.079882337328268)"
623,303.37876200675964,"(63.33210588987431, 10.08007513762633)","(63.331852642528865, 10.07988205084937)"
624,304.0000259876251,"(63.332110473536666, 10.080072845795149)","(63.33185493436004, 10.07988205084937)"
625,304.3797678947449,"(63.33211477072013, 10.080070553963967)","(63.33185722619122, 10.07988205084937)"
626,304.9999678134918,"(63.3321190679036, 10.080068262132787)","(63.3318595180224, 10.07988205084937)"
627,305.37973499298096,"(63.332123651565965, 10.080065970301607)","(63.33186180985358, 10.07988205084937)"
628,306.0006968975067,"(63.332128235228325, 10.080063678470427)","(63.331864101684765, 10.07988205084937)"
629,306.3788938522339,"(63.33213253241179, 10.080061386639247)","(63.33186639351595, 10.07988205084937)"
630,307.0009939670563,"(63.33213682959525, 10.080059094808066)","(63.33186639351595, 10.07988205084937)"
631,307.99998593330383,"(63.332145423962174, 10.080054511145706)","(63.33186639351595, 10.07988205084937)"
632,308.999990940094,"(63.332154591286894, 10.080049927483344)","(63.33186639351595, 10.07988205084937)"
633,310.0000967979431,"(63.33216318565382, 10.080045343820984)","(63.33186639351595, 10.07988205084937)"
634,311.0003378391266,"(63.332171780020744, 10.080040760158623)","(63.33186639351595, 10.07988205084937)"
635,312.00008487701416,"(63.33218094734548, 10.08003617649626)","(63.33186639351595, 10.07988205084937)"
636,313.0009808540344,"(63.3321895417124, 10.0800315928339)","(63.33186639351595, 10.07988205084937)"
637,314.00098991394043,"(63.33219813607933, 10.080027582129334)","(63.33186639351595, 10.07988205084937)"
638,315.0008478164673,"(63.33220730340404, 10.080022998466973)","(63.33186639351595, 10.07988205084937)"
639,316.00094389915466,"(63.33221589777097, 10.080018414804613)","(63.33186639351595, 10.07988205084937)"
640,317.00036692619324,"(63.332224492137904, 10.080013831142251)","(63.33186639351595, 10.07988205084937)"
641,318.0000247955322,"(63.332233659462624, 10.08000924747989)","(63.33186639351595, 10.07988205084937)"
642,319.00000286102295,"(63.33224225382955, 10.080004663817528)","(63.33186639351595, 10.07988205084937)"
643,320.00001096725464,"(63.33225084819647, 10.080000080155168)","(63.33186639351595, 10.07988205084937)"
644,320.9999809265137,"(63.33226001552121, 10.079995496492806)","(63.33186639351595, 10.07988205084937)"
645,321.99994683265686,"(63.33226860988813, 10.079990912830445)","(63.33186639351595, 10.07988205084937)"
646,323.0001528263092,"(63.33227720425506, 10.079986329168085)","(63.33186639351595, 10.07988205084937)"
647,323.99999380111694,"(63.33228637157978, 10.079981745505723)","(63.33186639351595, 10.07988205084937)"
648,324.9999828338623,"(63.3322949659467, 10.079977161843363)","(63.33186639351595, 10.07988205084937)"
649,326.00009083747864,"(63.332303560313626, 10.079972578181)","(63.33186639351595, 10.07988205084937)"
650,327.00077390670776,"(63.33231272763835, 10.07996799451864)","(63.33186639351595, 10.07988205084937)"
651,328.0002110004425,"(63.33232132200528, 10.079963983814075)","(63.33186639351595, 10.07988205084937)"
652,329.0000100135803,"(63.33232991637221, 10.079959400151713)","(63.33186639351595, 10.07988205084937)"
653,330.00049090385437,"(63.33233908369692, 10.079954816489353)","(63.33186639351595, 10.07988205084937)"
654,330.99976682662964,"(63.33234767806385, 10.079950232826992)","(63.33186639351595, 10.07988205084937)"
655,332.0011088848114,"(63.332356272430786, 10.07994564916463)","(63.33186639351595, 10.07988205084937)"
656,333.0000088214874,"(63.332365439755506, 10.079941065502268)","(63.33186639351595, 10.07988205084937)"
657,334.00001192092896,"(63.33237403412243, 10.079936481839907)","(63.33186639351595, 10.07988205084937)"
658,335.0009489059448,"(63.332382628489356, 10.079931898177547)","(63.33186639351595, 10.07988205084937)"
659,336.0000078678131,"(63.33239122285628, 10.079927314515185)","(63.33186639351595, 10.07988205084937)"
660,337.00002884864807,"(63.332400390181014, 10.079922730852825)","(63.33186639351595, 10.07988205084937)"
661,338.00023889541626,"(63.33240898454794, 10.079918147190464)","(63.33186639351595, 10.07988205084937)"
662,338.99998688697815,"(63.332417578914864, 10.079913563528104)","(63.33186639351595, 10.07988205084937)"
663,339.9999969005585,"(63.332426746239584, 10.079909552823537)","(63.33186639351595, 10.07988205084937)"
664,340.9999840259552,"(63.33243534060651, 10.079904969161175)","(63.33186639351595, 10.07988205084937)"
665,342.00000190734863,"(63.33244393497343, 10.079900385498815)","(63.33186639351595, 10.07988205084937)"
666,342.9999599456787,"(63.33245252934037, 10.079895801836454)","(63.33186639351595, 10.07988205084937)"
667,343.99998593330383,"(63.332461696665085, 10.079891218174092)","(63.33186639351595, 10.07988205084937)"
668,345.0006639957428,"(63.33247029103201, 10.079886634511732)","(63.33186639351595, 10.07988205084937)"
669,345.9999849796295,"(63.33247888539894, 10.07988205084937)","(63.33186639351595, 10.07988205084937)"
670,347.00008392333984,"(63.33248805272367, 10.079877467187009)","(63.33186639351595, 10.07988205084937)"
671,348.0006408691406,"(63.33249664709059, 10.079872883524647)","(63.33186639351595, 10.07988205084937)"
672,349.00036096572876,"(63.33250524145752, 10.079868299862287)","(63.33186639351595, 10.07988205084937)"
